[{"model": "admin.logentry", "pk": 1, "fields": {"action_time": "2021-08-02T09:40:27.493Z", "user": 1, "content_type": 16, "object_id": "1", "object_repr": "CompanySetting object (1)", "action_flag": 1, "change_message": "[{\"added\": {}}]"}}, {"model": "admin.logentry", "pk": 2, "fields": {"action_time": "2021-08-03T17:38:41.922Z", "user": 1, "content_type": 30, "object_id": "10", "object_repr": "SaleOrder object (10)", "action_flag": 3, "change_message": ""}}, {"model": "admin.logentry", "pk": 3, "fields": {"action_time": "2021-08-03T17:52:35.157Z", "user": 1, "content_type": 30, "object_id": "12", "object_repr": "SaleOrder object (12)", "action_flag": 3, "change_message": ""}}, {"model": "admin.logentry", "pk": 4, "fields": {"action_time": "2021-08-03T17:52:35.159Z", "user": 1, "content_type": 30, "object_id": "11", "object_repr": "SaleOrder object (11)", "action_flag": 3, "change_message": ""}}, {"model": "admin.logentry", "pk": 5, "fields": {"action_time": "2021-08-04T05:53:26.740Z", "user": 1, "content_type": 41, "object_id": "2", "object_repr": "Invoice object (2)", "action_flag": 3, "change_message": ""}}, {"model": "admin.logentry", "pk": 6, "fields": {"action_time": "2021-08-04T05:55:54.897Z", "user": 1, "content_type": 41, "object_id": "8", "object_repr": "Invoice object (8)", "action_flag": 2, "change_message": "[{\"changed\": {\"fields\": [\"CreatedOn\"]}}]"}}, {"model": "admin.logentry", "pk": 7, "fields": {"action_time": "2021-08-04T05:56:20.526Z", "user": 1, "content_type": 41, "object_id": "9", "object_repr": "Invoice object (9)", "action_flag": 2, "change_message": "[{\"changed\": {\"fields\": [\"CreatedOn\"]}}]"}}, {"model": "admin.logentry", "pk": 8, "fields": {"action_time": "2021-08-04T05:57:54.883Z", "user": 1, "content_type": 30, "object_id": "14", "object_repr": "SaleOrder object (14)", "action_flag": 2, "change_message": "[{\"changed\": {\"fields\": [\"SaleOrderId\"]}}]"}}, {"model": "admin.logentry", "pk": 9, "fields": {"action_time": "2021-08-04T05:58:05.965Z", "user": 1, "content_type": 41, "object_id": "8", "object_repr": "Invoice object (8)", "action_flag": 2, "change_message": "[{\"changed\": {\"fields\": [\"SoNumber\"]}}]"}}, {"model": "admin.logentry", "pk": 10, "fields": {"action_time": "2021-08-04T05:58:14.791Z", "user": 1, "content_type": 41, "object_id": "9", "object_repr": "Invoice object (9)", "action_flag": 2, "change_message": "[{\"changed\": {\"fields\": [\"SoNumber\"]}}]"}}, {"model": "admin.logentry", "pk": 11, "fields": {"action_time": "2021-08-04T06:51:44.546Z", "user": 1, "content_type": 41, "object_id": "10", "object_repr": "Invoice object (10)", "action_flag": 2, "change_message": "[{\"changed\": {\"fields\": [\"CreatedOn\"]}}]"}}, {"model": "admin.logentry", "pk": 12, "fields": {"action_time": "2021-08-04T06:55:34.213Z", "user": 1, "content_type": 41, "object_id": "11", "object_repr": "Invoice object (11)", "action_flag": 2, "change_message": "[{\"changed\": {\"fields\": [\"CreatedOn\"]}}]"}}, {"model": "admin.logentry", "pk": 13, "fields": {"action_time": "2021-08-04T07:00:33.648Z", "user": 1, "content_type": 41, "object_id": "12", "object_repr": "Invoice object (12)", "action_flag": 2, "change_message": "[{\"changed\": {\"fields\": [\"CreatedOn\"]}}]"}}, {"model": "admin.logentry", "pk": 14, "fields": {"action_time": "2021-08-04T08:31:59.322Z", "user": 1, "content_type": 30, "object_id": "15", "object_repr": "SaleOrder object (15)", "action_flag": 2, "change_message": "[{\"changed\": {\"fields\": [\"SaleOrderId\"]}}]"}}, {"model": "admin.logentry", "pk": 15, "fields": {"action_time": "2021-08-05T09:28:05.688Z", "user": 1, "content_type": 19, "object_id": "12", "object_repr": "DJ ORG", "action_flag": 3, "change_message": ""}}, {"model": "admin.logentry", "pk": 16, "fields": {"action_time": "2021-08-05T09:28:05.920Z", "user": 1, "content_type": 19, "object_id": "10", "object_repr": "DJ SHIPPING", "action_flag": 3, "change_message": ""}}, {"model": "admin.logentry", "pk": 17, "fields": {"action_time": "2021-08-05T09:28:05.921Z", "user": 1, "content_type": 19, "object_id": "9", "object_repr": "DJ BILLING", "action_flag": 3, "change_message": ""}}, {"model": "admin.logentry", "pk": 18, "fields": {"action_time": "2021-08-05T09:28:05.922Z", "user": 1, "content_type": 19, "object_id": "1", "object_repr": "DJ", "action_flag": 3, "change_message": ""}}, {"model": "admin.logentry", "pk": 19, "fields": {"action_time": "2021-08-05T11:07:14.585Z", "user": 1, "content_type": 19, "object_id": "14", "object_repr": "Manohar Shipping", "action_flag": 3, "change_message": ""}}, {"model": "admin.logentry", "pk": 20, "fields": {"action_time": "2021-08-05T11:07:14.587Z", "user": 1, "content_type": 19, "object_id": "13", "object_repr": "Manohar", "action_flag": 3, "change_message": ""}}, {"model": "admin.logentry", "pk": 21, "fields": {"action_time": "2021-08-05T12:04:00.746Z", "user": 1, "content_type": 19, "object_id": "19", "object_repr": "DJ", "action_flag": 3, "change_message": ""}}, {"model": "admin.logentry", "pk": 22, "fields": {"action_time": "2021-08-05T12:04:00.749Z", "user": 1, "content_type": 19, "object_id": "18", "object_repr": "DJ", "action_flag": 3, "change_message": ""}}, {"model": "admin.logentry", "pk": 23, "fields": {"action_time": "2021-08-05T12:12:01.758Z", "user": 1, "content_type": 19, "object_id": "22", "object_repr": "DJ", "action_flag": 3, "change_message": ""}}, {"model": "admin.logentry", "pk": 24, "fields": {"action_time": "2021-08-05T12:12:01.761Z", "user": 1, "content_type": 19, "object_id": "21", "object_repr": "DJ", "action_flag": 3, "change_message": ""}}, {"model": "admin.logentry", "pk": 25, "fields": {"action_time": "2021-08-05T12:12:01.762Z", "user": 1, "content_type": 19, "object_id": "20", "object_repr": "DJ", "action_flag": 3, "change_message": ""}}, {"model": "admin.logentry", "pk": 26, "fields": {"action_time": "2021-08-05T12:14:12.785Z", "user": 1, "content_type": 19, "object_id": "25", "object_repr": "DJ", "action_flag": 3, "change_message": ""}}, {"model": "admin.logentry", "pk": 27, "fields": {"action_time": "2021-08-05T12:30:01.201Z", "user": 1, "content_type": 19, "object_id": "26", "object_repr": "DJ", "action_flag": 3, "change_message": ""}}, {"model": "admin.logentry", "pk": 28, "fields": {"action_time": "2021-08-05T12:30:44.185Z", "user": 1, "content_type": 19, "object_id": "27", "object_repr": "DJ", "action_flag": 3, "change_message": ""}}, {"model": "admin.logentry", "pk": 29, "fields": {"action_time": "2021-08-09T07:38:22.043Z", "user": 1, "content_type": 41, "object_id": "57", "object_repr": "Invoice object (57)", "action_flag": 2, "change_message": "[{\"changed\": {\"fields\": [\"CreatedOn\"]}}]"}}, {"model": "admin.logentry", "pk": 30, "fields": {"action_time": "2021-08-15T07:12:32.754Z", "user": 1, "content_type": 3, "object_id": "4", "object_repr": "Employee", "action_flag": 1, "change_message": "[{\"added\": {}}]"}}, {"model": "admin.logentry", "pk": 31, "fields": {"action_time": "2021-08-15T07:30:42.547Z", "user": 1, "content_type": 3, "object_id": "4", "object_repr": "Employee", "action_flag": 3, "change_message": ""}}, {"model": "admin.logentry", "pk": 32, "fields": {"action_time": "2021-08-15T07:31:05.790Z", "user": 1, "content_type": 27, "object_id": "5", "object_repr": "Employee", "action_flag": 1, "change_message": "[{\"added\": {}}]"}}, {"model": "admin.logentry", "pk": 33, "fields": {"action_time": "2021-08-16T10:29:32.724Z", "user": 1, "content_type": 4, "object_id": "1", "object_repr": "root", "action_flag": 2, "change_message": "[{\"changed\": {\"fields\": [\"User permissions\"]}}]"}}, {"model": "admin.logentry", "pk": 34, "fields": {"action_time": "2021-08-16T12:37:27.518Z", "user": 1, "content_type": 19, "object_id": "42", "object_repr": "Suresh", "action_flag": 3, "change_message": ""}}, {"model": "admin.logentry", "pk": 35, "fields": {"action_time": "2021-08-16T12:46:18.514Z", "user": 1, "content_type": 19, "object_id": "43", "object_repr": "Suresh", "action_flag": 3, "change_message": ""}}, {"model": "admin.logentry", "pk": 36, "fields": {"action_time": "2021-08-16T13:42:33.998Z", "user": 1, "content_type": 19, "object_id": "44", "object_repr": "Suresh", "action_flag": 3, "change_message": ""}}, {"model": "admin.logentry", "pk": 37, "fields": {"action_time": "2021-08-16T13:48:27.482Z", "user": 1, "content_type": 19, "object_id": "45", "object_repr": "Suresh", "action_flag": 3, "change_message": ""}}, {"model": "admin.logentry", "pk": 38, "fields": {"action_time": "2021-08-16T16:23:49.116Z", "user": 1, "content_type": 19, "object_id": "51", "object_repr": "Baram Baba", "action_flag": 3, "change_message": ""}}, {"model": "auth.permission", "pk": 1, "fields": {"name": "Can add log entry", "content_type": 1, "codename": "add_logentry"}}, {"model": "auth.permission", "pk": 2, "fields": {"name": "Can change log entry", "content_type": 1, "codename": "change_logentry"}}, {"model": "auth.permission", "pk": 3, "fields": {"name": "Can delete log entry", "content_type": 1, "codename": "delete_logentry"}}, {"model": "auth.permission", "pk": 4, "fields": {"name": "Can view log entry", "content_type": 1, "codename": "view_logentry"}}, {"model": "auth.permission", "pk": 5, "fields": {"name": "Can add permission", "content_type": 2, "codename": "add_permission"}}, {"model": "auth.permission", "pk": 6, "fields": {"name": "Can change permission", "content_type": 2, "codename": "change_permission"}}, {"model": "auth.permission", "pk": 7, "fields": {"name": "Can delete permission", "content_type": 2, "codename": "delete_permission"}}, {"model": "auth.permission", "pk": 8, "fields": {"name": "Can view permission", "content_type": 2, "codename": "view_permission"}}, {"model": "auth.permission", "pk": 9, "fields": {"name": "Can add group", "content_type": 3, "codename": "add_group"}}, {"model": "auth.permission", "pk": 10, "fields": {"name": "Can change group", "content_type": 3, "codename": "change_group"}}, {"model": "auth.permission", "pk": 11, "fields": {"name": "Can delete group", "content_type": 3, "codename": "delete_group"}}, {"model": "auth.permission", "pk": 12, "fields": {"name": "Can view group", "content_type": 3, "codename": "view_group"}}, {"model": "auth.permission", "pk": 13, "fields": {"name": "Can add user", "content_type": 4, "codename": "add_user"}}, {"model": "auth.permission", "pk": 14, "fields": {"name": "Can change user", "content_type": 4, "codename": "change_user"}}, {"model": "auth.permission", "pk": 15, "fields": {"name": "Can delete user", "content_type": 4, "codename": "delete_user"}}, {"model": "auth.permission", "pk": 16, "fields": {"name": "Can view user", "content_type": 4, "codename": "view_user"}}, {"model": "auth.permission", "pk": 17, "fields": {"name": "Can add content type", "content_type": 5, "codename": "add_contenttype"}}, {"model": "auth.permission", "pk": 18, "fields": {"name": "Can change content type", "content_type": 5, "codename": "change_contenttype"}}, {"model": "auth.permission", "pk": 19, "fields": {"name": "Can delete content type", "content_type": 5, "codename": "delete_contenttype"}}, {"model": "auth.permission", "pk": 20, "fields": {"name": "Can view content type", "content_type": 5, "codename": "view_contenttype"}}, {"model": "auth.permission", "pk": 21, "fields": {"name": "Can add session", "content_type": 6, "codename": "add_session"}}, {"model": "auth.permission", "pk": 22, "fields": {"name": "Can change session", "content_type": 6, "codename": "change_session"}}, {"model": "auth.permission", "pk": 23, "fields": {"name": "Can delete session", "content_type": 6, "codename": "delete_session"}}, {"model": "auth.permission", "pk": 24, "fields": {"name": "Can view session", "content_type": 6, "codename": "view_session"}}, {"model": "auth.permission", "pk": 25, "fields": {"name": "Can add tax", "content_type": 7, "codename": "add_tax"}}, {"model": "auth.permission", "pk": 26, "fields": {"name": "Can change tax", "content_type": 7, "codename": "change_tax"}}, {"model": "auth.permission", "pk": 27, "fields": {"name": "Can delete tax", "content_type": 7, "codename": "delete_tax"}}, {"model": "auth.permission", "pk": 28, "fields": {"name": "Can view tax", "content_type": 7, "codename": "view_tax"}}, {"model": "auth.permission", "pk": 29, "fields": {"name": "Can add ids map", "content_type": 8, "codename": "add_idsmap"}}, {"model": "auth.permission", "pk": 30, "fields": {"name": "Can change ids map", "content_type": 8, "codename": "change_idsmap"}}, {"model": "auth.permission", "pk": 31, "fields": {"name": "Can delete ids map", "content_type": 8, "codename": "delete_idsmap"}}, {"model": "auth.permission", "pk": 32, "fields": {"name": "Can view ids map", "content_type": 8, "codename": "view_idsmap"}}, {"model": "auth.permission", "pk": 33, "fields": {"name": "Can add ids", "content_type": 9, "codename": "add_ids"}}, {"model": "auth.permission", "pk": 34, "fields": {"name": "Can change ids", "content_type": 9, "codename": "change_ids"}}, {"model": "auth.permission", "pk": 35, "fields": {"name": "Can delete ids", "content_type": 9, "codename": "delete_ids"}}, {"model": "auth.permission", "pk": 36, "fields": {"name": "Can view ids", "content_type": 9, "codename": "view_ids"}}, {"model": "auth.permission", "pk": 37, "fields": {"name": "Can add company address", "content_type": 10, "codename": "add_companyaddress"}}, {"model": "auth.permission", "pk": 38, "fields": {"name": "Can change company address", "content_type": 10, "codename": "change_companyaddress"}}, {"model": "auth.permission", "pk": 39, "fields": {"name": "Can delete company address", "content_type": 10, "codename": "delete_companyaddress"}}, {"model": "auth.permission", "pk": 40, "fields": {"name": "Can view company address", "content_type": 10, "codename": "view_companyaddress"}}, {"model": "auth.permission", "pk": 41, "fields": {"name": "Can add company", "content_type": 11, "codename": "add_company"}}, {"model": "auth.permission", "pk": 42, "fields": {"name": "Can change company", "content_type": 11, "codename": "change_company"}}, {"model": "auth.permission", "pk": 43, "fields": {"name": "Can delete company", "content_type": 11, "codename": "delete_company"}}, {"model": "auth.permission", "pk": 44, "fields": {"name": "Can view company", "content_type": 11, "codename": "view_company"}}, {"model": "auth.permission", "pk": 45, "fields": {"name": "Can add user note", "content_type": 12, "codename": "add_usernote"}}, {"model": "auth.permission", "pk": 46, "fields": {"name": "Can change user note", "content_type": 12, "codename": "change_usernote"}}, {"model": "auth.permission", "pk": 47, "fields": {"name": "Can delete user note", "content_type": 12, "codename": "delete_usernote"}}, {"model": "auth.permission", "pk": 48, "fields": {"name": "Can view user note", "content_type": 12, "codename": "view_usernote"}}, {"model": "auth.permission", "pk": 49, "fields": {"name": "Can add email template", "content_type": 13, "codename": "add_emailtemplate"}}, {"model": "auth.permission", "pk": 50, "fields": {"name": "Can change email template", "content_type": 13, "codename": "change_emailtemplate"}}, {"model": "auth.permission", "pk": 51, "fields": {"name": "Can delete email template", "content_type": 13, "codename": "delete_emailtemplate"}}, {"model": "auth.permission", "pk": 52, "fields": {"name": "Can view email template", "content_type": 13, "codename": "view_emailtemplate"}}, {"model": "auth.permission", "pk": 53, "fields": {"name": "Can add plant", "content_type": 14, "codename": "add_plant"}}, {"model": "auth.permission", "pk": 54, "fields": {"name": "Can change plant", "content_type": 14, "codename": "change_plant"}}, {"model": "auth.permission", "pk": 55, "fields": {"name": "Can delete plant", "content_type": 14, "codename": "delete_plant"}}, {"model": "auth.permission", "pk": 56, "fields": {"name": "Can view plant", "content_type": 14, "codename": "view_plant"}}, {"model": "auth.permission", "pk": 57, "fields": {"name": "Can add vendor address", "content_type": 15, "codename": "add_vendoraddress"}}, {"model": "auth.permission", "pk": 58, "fields": {"name": "Can change vendor address", "content_type": 15, "codename": "change_vendoraddress"}}, {"model": "auth.permission", "pk": 59, "fields": {"name": "Can delete vendor address", "content_type": 15, "codename": "delete_vendoraddress"}}, {"model": "auth.permission", "pk": 60, "fields": {"name": "Can view vendor address", "content_type": 15, "codename": "view_vendoraddress"}}, {"model": "auth.permission", "pk": 61, "fields": {"name": "Can add company setting", "content_type": 16, "codename": "add_companysetting"}}, {"model": "auth.permission", "pk": 62, "fields": {"name": "Can change company setting", "content_type": 16, "codename": "change_companysetting"}}, {"model": "auth.permission", "pk": 63, "fields": {"name": "Can delete company setting", "content_type": 16, "codename": "delete_companysetting"}}, {"model": "auth.permission", "pk": 64, "fields": {"name": "Can view company setting", "content_type": 16, "codename": "view_companysetting"}}, {"model": "auth.permission", "pk": 65, "fields": {"name": "Can add employee address", "content_type": 17, "codename": "add_employeeaddress"}}, {"model": "auth.permission", "pk": 66, "fields": {"name": "Can change employee address", "content_type": 17, "codename": "change_employeeaddress"}}, {"model": "auth.permission", "pk": 67, "fields": {"name": "Can delete employee address", "content_type": 17, "codename": "delete_employeeaddress"}}, {"model": "auth.permission", "pk": 68, "fields": {"name": "Can view employee address", "content_type": 17, "codename": "view_employeeaddress"}}, {"model": "auth.permission", "pk": 69, "fields": {"name": "Can add company customer", "content_type": 18, "codename": "add_companycustomer"}}, {"model": "auth.permission", "pk": 70, "fields": {"name": "Can change company customer", "content_type": 18, "codename": "change_companycustomer"}}, {"model": "auth.permission", "pk": 71, "fields": {"name": "Can delete company customer", "content_type": 18, "codename": "delete_companycustomer"}}, {"model": "auth.permission", "pk": 72, "fields": {"name": "Can view company customer", "content_type": 18, "codename": "view_companycustomer"}}, {"model": "auth.permission", "pk": 73, "fields": {"name": "Can add Address", "content_type": 19, "codename": "add_address"}}, {"model": "auth.permission", "pk": 74, "fields": {"name": "Can change Address", "content_type": 19, "codename": "change_address"}}, {"model": "auth.permission", "pk": 75, "fields": {"name": "Can delete Address", "content_type": 19, "codename": "delete_address"}}, {"model": "auth.permission", "pk": 76, "fields": {"name": "Can view Address", "content_type": 19, "codename": "view_address"}}, {"model": "auth.permission", "pk": 77, "fields": {"name": "Can add customer", "content_type": 20, "codename": "add_customer"}}, {"model": "auth.permission", "pk": 78, "fields": {"name": "Can change customer", "content_type": 20, "codename": "change_customer"}}, {"model": "auth.permission", "pk": 79, "fields": {"name": "Can delete customer", "content_type": 20, "codename": "delete_customer"}}, {"model": "auth.permission", "pk": 80, "fields": {"name": "Can view customer", "content_type": 20, "codename": "view_customer"}}, {"model": "auth.permission", "pk": 81, "fields": {"name": "Can add customer address", "content_type": 21, "codename": "add_customeraddress"}}, {"model": "auth.permission", "pk": 82, "fields": {"name": "Can change customer address", "content_type": 21, "codename": "change_customeraddress"}}, {"model": "auth.permission", "pk": 83, "fields": {"name": "Can delete customer address", "content_type": 21, "codename": "delete_customeraddress"}}, {"model": "auth.permission", "pk": 84, "fields": {"name": "Can view customer address", "content_type": 21, "codename": "view_customeraddress"}}, {"model": "auth.permission", "pk": 85, "fields": {"name": "Can add employee type", "content_type": 22, "codename": "add_employeetype"}}, {"model": "auth.permission", "pk": 86, "fields": {"name": "Can change employee type", "content_type": 22, "codename": "change_employeetype"}}, {"model": "auth.permission", "pk": 87, "fields": {"name": "Can delete employee type", "content_type": 22, "codename": "delete_employeetype"}}, {"model": "auth.permission", "pk": 88, "fields": {"name": "Can view employee type", "content_type": 22, "codename": "view_employeetype"}}, {"model": "auth.permission", "pk": 89, "fields": {"name": "Can add term and condition", "content_type": 23, "codename": "add_termandcondition"}}, {"model": "auth.permission", "pk": 90, "fields": {"name": "Can change term and condition", "content_type": 23, "codename": "change_termandcondition"}}, {"model": "auth.permission", "pk": 91, "fields": {"name": "Can delete term and condition", "content_type": 23, "codename": "delete_termandcondition"}}, {"model": "auth.permission", "pk": 92, "fields": {"name": "Can view term and condition", "content_type": 23, "codename": "view_termandcondition"}}, {"model": "auth.permission", "pk": 93, "fields": {"name": "Can add vehicle", "content_type": 24, "codename": "add_vehicle"}}, {"model": "auth.permission", "pk": 94, "fields": {"name": "Can change vehicle", "content_type": 24, "codename": "change_vehicle"}}, {"model": "auth.permission", "pk": 95, "fields": {"name": "Can delete vehicle", "content_type": 24, "codename": "delete_vehicle"}}, {"model": "auth.permission", "pk": 96, "fields": {"name": "Can view vehicle", "content_type": 24, "codename": "view_vehicle"}}, {"model": "auth.permission", "pk": 97, "fields": {"name": "Can add user", "content_type": 25, "codename": "add_employee"}}, {"model": "auth.permission", "pk": 98, "fields": {"name": "Can change user", "content_type": 25, "codename": "change_employee"}}, {"model": "auth.permission", "pk": 99, "fields": {"name": "Can delete user", "content_type": 25, "codename": "delete_employee"}}, {"model": "auth.permission", "pk": 100, "fields": {"name": "Can view user", "content_type": 25, "codename": "view_employee"}}, {"model": "auth.permission", "pk": 101, "fields": {"name": "Can add vendor", "content_type": 26, "codename": "add_vendor"}}, {"model": "auth.permission", "pk": 102, "fields": {"name": "Can change vendor", "content_type": 26, "codename": "change_vendor"}}, {"model": "auth.permission", "pk": 103, "fields": {"name": "Can delete vendor", "content_type": 26, "codename": "delete_vendor"}}, {"model": "auth.permission", "pk": 104, "fields": {"name": "Can view vendor", "content_type": 26, "codename": "view_vendor"}}, {"model": "auth.permission", "pk": 105, "fields": {"name": "Can add department", "content_type": 27, "codename": "add_department"}}, {"model": "auth.permission", "pk": 106, "fields": {"name": "Can change department", "content_type": 27, "codename": "change_department"}}, {"model": "auth.permission", "pk": 107, "fields": {"name": "Can delete department", "content_type": 27, "codename": "delete_department"}}, {"model": "auth.permission", "pk": 108, "fields": {"name": "Can view department", "content_type": 27, "codename": "view_department"}}, {"model": "auth.permission", "pk": 109, "fields": {"name": "Can add user", "content_type": 28, "codename": "add_driver"}}, {"model": "auth.permission", "pk": 110, "fields": {"name": "Can change user", "content_type": 28, "codename": "change_driver"}}, {"model": "auth.permission", "pk": 111, "fields": {"name": "Can delete user", "content_type": 28, "codename": "delete_driver"}}, {"model": "auth.permission", "pk": 112, "fields": {"name": "Can view user", "content_type": 28, "codename": "view_driver"}}, {"model": "auth.permission", "pk": 113, "fields": {"name": "Can add customer payment", "content_type": 29, "codename": "add_customerpayment"}}, {"model": "auth.permission", "pk": 114, "fields": {"name": "Can change customer payment", "content_type": 29, "codename": "change_customerpayment"}}, {"model": "auth.permission", "pk": 115, "fields": {"name": "Can delete customer payment", "content_type": 29, "codename": "delete_customerpayment"}}, {"model": "auth.permission", "pk": 116, "fields": {"name": "Can view customer payment", "content_type": 29, "codename": "view_customerpayment"}}, {"model": "auth.permission", "pk": 117, "fields": {"name": "Can add sale order", "content_type": 30, "codename": "add_saleorder"}}, {"model": "auth.permission", "pk": 118, "fields": {"name": "Can change sale order", "content_type": 30, "codename": "change_saleorder"}}, {"model": "auth.permission", "pk": 119, "fields": {"name": "Can delete sale order", "content_type": 30, "codename": "delete_saleorder"}}, {"model": "auth.permission", "pk": 120, "fields": {"name": "Can view sale order", "content_type": 30, "codename": "view_saleorder"}}, {"model": "auth.permission", "pk": 121, "fields": {"name": "Can add invoice tax", "content_type": 31, "codename": "add_invoicetax"}}, {"model": "auth.permission", "pk": 122, "fields": {"name": "Can change invoice tax", "content_type": 31, "codename": "change_invoicetax"}}, {"model": "auth.permission", "pk": 123, "fields": {"name": "Can delete invoice tax", "content_type": 31, "codename": "delete_invoicetax"}}, {"model": "auth.permission", "pk": 124, "fields": {"name": "Can view invoice tax", "content_type": 31, "codename": "view_invoicetax"}}, {"model": "auth.permission", "pk": 125, "fields": {"name": "Can add invoice product line", "content_type": 32, "codename": "add_invoiceproductline"}}, {"model": "auth.permission", "pk": 126, "fields": {"name": "Can change invoice product line", "content_type": 32, "codename": "change_invoiceproductline"}}, {"model": "auth.permission", "pk": 127, "fields": {"name": "Can delete invoice product line", "content_type": 32, "codename": "delete_invoiceproductline"}}, {"model": "auth.permission", "pk": 128, "fields": {"name": "Can view invoice product line", "content_type": 32, "codename": "view_invoiceproductline"}}, {"model": "auth.permission", "pk": 129, "fields": {"name": "Can add plant sale order", "content_type": 33, "codename": "add_plantsaleorder"}}, {"model": "auth.permission", "pk": 130, "fields": {"name": "Can change plant sale order", "content_type": 33, "codename": "change_plantsaleorder"}}, {"model": "auth.permission", "pk": 131, "fields": {"name": "Can delete plant sale order", "content_type": 33, "codename": "delete_plantsaleorder"}}, {"model": "auth.permission", "pk": 132, "fields": {"name": "Can view plant sale order", "content_type": 33, "codename": "view_plantsaleorder"}}, {"model": "auth.permission", "pk": 133, "fields": {"name": "Can add customer invoice", "content_type": 34, "codename": "add_customerinvoice"}}, {"model": "auth.permission", "pk": 134, "fields": {"name": "Can change customer invoice", "content_type": 34, "codename": "change_customerinvoice"}}, {"model": "auth.permission", "pk": 135, "fields": {"name": "Can delete customer invoice", "content_type": 34, "codename": "delete_customerinvoice"}}, {"model": "auth.permission", "pk": 136, "fields": {"name": "Can view customer invoice", "content_type": 34, "codename": "view_customerinvoice"}}, {"model": "auth.permission", "pk": 137, "fields": {"name": "Can add sale order invoice", "content_type": 35, "codename": "add_saleorderinvoice"}}, {"model": "auth.permission", "pk": 138, "fields": {"name": "Can change sale order invoice", "content_type": 35, "codename": "change_saleorderinvoice"}}, {"model": "auth.permission", "pk": 139, "fields": {"name": "Can delete sale order invoice", "content_type": 35, "codename": "delete_saleorderinvoice"}}, {"model": "auth.permission", "pk": 140, "fields": {"name": "Can view sale order invoice", "content_type": 35, "codename": "view_saleorderinvoice"}}, {"model": "auth.permission", "pk": 141, "fields": {"name": "Can add customer sale order", "content_type": 36, "codename": "add_customersaleorder"}}, {"model": "auth.permission", "pk": 142, "fields": {"name": "Can change customer sale order", "content_type": 36, "codename": "change_customersaleorder"}}, {"model": "auth.permission", "pk": 143, "fields": {"name": "Can delete customer sale order", "content_type": 36, "codename": "delete_customersaleorder"}}, {"model": "auth.permission", "pk": 144, "fields": {"name": "Can view customer sale order", "content_type": 36, "codename": "view_customersaleorder"}}, {"model": "auth.permission", "pk": 145, "fields": {"name": "Can add sale order product line", "content_type": 37, "codename": "add_saleorderproductline"}}, {"model": "auth.permission", "pk": 146, "fields": {"name": "Can change sale order product line", "content_type": 37, "codename": "change_saleorderproductline"}}, {"model": "auth.permission", "pk": 147, "fields": {"name": "Can delete sale order product line", "content_type": 37, "codename": "delete_saleorderproductline"}}, {"model": "auth.permission", "pk": 148, "fields": {"name": "Can view sale order product line", "content_type": 37, "codename": "view_saleorderproductline"}}, {"model": "auth.permission", "pk": 149, "fields": {"name": "Can add Outstanding", "content_type": 38, "codename": "add_outstanding"}}, {"model": "auth.permission", "pk": 150, "fields": {"name": "Can change Outstanding", "content_type": 38, "codename": "change_outstanding"}}, {"model": "auth.permission", "pk": 151, "fields": {"name": "Can delete Outstanding", "content_type": 38, "codename": "delete_outstanding"}}, {"model": "auth.permission", "pk": 152, "fields": {"name": "Can view Outstanding", "content_type": 38, "codename": "view_outstanding"}}, {"model": "auth.permission", "pk": 153, "fields": {"name": "Can add sale order tax", "content_type": 39, "codename": "add_saleordertax"}}, {"model": "auth.permission", "pk": 154, "fields": {"name": "Can change sale order tax", "content_type": 39, "codename": "change_saleordertax"}}, {"model": "auth.permission", "pk": 155, "fields": {"name": "Can delete sale order tax", "content_type": 39, "codename": "delete_saleordertax"}}, {"model": "auth.permission", "pk": 156, "fields": {"name": "Can view sale order tax", "content_type": 39, "codename": "view_saleordertax"}}, {"model": "auth.permission", "pk": 157, "fields": {"name": "Can add Payment", "content_type": 40, "codename": "add_payment"}}, {"model": "auth.permission", "pk": 158, "fields": {"name": "Can change Payment", "content_type": 40, "codename": "change_payment"}}, {"model": "auth.permission", "pk": 159, "fields": {"name": "Can delete Payment", "content_type": 40, "codename": "delete_payment"}}, {"model": "auth.permission", "pk": 160, "fields": {"name": "Can view Payment", "content_type": 40, "codename": "view_payment"}}, {"model": "auth.permission", "pk": 161, "fields": {"name": "Can add invoice", "content_type": 41, "codename": "add_invoice"}}, {"model": "auth.permission", "pk": 162, "fields": {"name": "Can change invoice", "content_type": 41, "codename": "change_invoice"}}, {"model": "auth.permission", "pk": 163, "fields": {"name": "Can delete invoice", "content_type": 41, "codename": "delete_invoice"}}, {"model": "auth.permission", "pk": 164, "fields": {"name": "Can view invoice", "content_type": 41, "codename": "view_invoice"}}, {"model": "auth.permission", "pk": 165, "fields": {"name": "Can add company product", "content_type": 42, "codename": "add_companyproduct"}}, {"model": "auth.permission", "pk": 166, "fields": {"name": "Can change company product", "content_type": 42, "codename": "change_companyproduct"}}, {"model": "auth.permission", "pk": 167, "fields": {"name": "Can delete company product", "content_type": 42, "codename": "delete_companyproduct"}}, {"model": "auth.permission", "pk": 168, "fields": {"name": "Can view company product", "content_type": 42, "codename": "view_companyproduct"}}, {"model": "auth.permission", "pk": 169, "fields": {"name": "Can add recipe ingredient", "content_type": 43, "codename": "add_recipeingredient"}}, {"model": "auth.permission", "pk": 170, "fields": {"name": "Can change recipe ingredient", "content_type": 43, "codename": "change_recipeingredient"}}, {"model": "auth.permission", "pk": 171, "fields": {"name": "Can delete recipe ingredient", "content_type": 43, "codename": "delete_recipeingredient"}}, {"model": "auth.permission", "pk": 172, "fields": {"name": "Can view recipe ingredient", "content_type": 43, "codename": "view_recipeingredient"}}, {"model": "auth.permission", "pk": 173, "fields": {"name": "Can add recipe", "content_type": 44, "codename": "add_recipe"}}, {"model": "auth.permission", "pk": 174, "fields": {"name": "Can change recipe", "content_type": 44, "codename": "change_recipe"}}, {"model": "auth.permission", "pk": 175, "fields": {"name": "Can delete recipe", "content_type": 44, "codename": "delete_recipe"}}, {"model": "auth.permission", "pk": 176, "fields": {"name": "Can view recipe", "content_type": 44, "codename": "view_recipe"}}, {"model": "auth.permission", "pk": 177, "fields": {"name": "Can add product", "content_type": 45, "codename": "add_product"}}, {"model": "auth.permission", "pk": 178, "fields": {"name": "Can change product", "content_type": 45, "codename": "change_product"}}, {"model": "auth.permission", "pk": 179, "fields": {"name": "Can delete product", "content_type": 45, "codename": "delete_product"}}, {"model": "auth.permission", "pk": 180, "fields": {"name": "Can view product", "content_type": 45, "codename": "view_product"}}, {"model": "auth.permission", "pk": 181, "fields": {"name": "Can add raw material entry", "content_type": 46, "codename": "add_rawmaterialentry"}}, {"model": "auth.permission", "pk": 182, "fields": {"name": "Can change raw material entry", "content_type": 46, "codename": "change_rawmaterialentry"}}, {"model": "auth.permission", "pk": 183, "fields": {"name": "Can delete raw material entry", "content_type": 46, "codename": "delete_rawmaterialentry"}}, {"model": "auth.permission", "pk": 184, "fields": {"name": "Can view raw material entry", "content_type": 46, "codename": "view_rawmaterialentry"}}, {"model": "auth.permission", "pk": 185, "fields": {"name": "Can add stock entry", "content_type": 47, "codename": "add_stockentry"}}, {"model": "auth.permission", "pk": 186, "fields": {"name": "Can change stock entry", "content_type": 47, "codename": "change_stockentry"}}, {"model": "auth.permission", "pk": 187, "fields": {"name": "Can delete stock entry", "content_type": 47, "codename": "delete_stockentry"}}, {"model": "auth.permission", "pk": 188, "fields": {"name": "Can view stock entry", "content_type": 47, "codename": "view_stockentry"}}, {"model": "auth.permission", "pk": 189, "fields": {"name": "Can add stock", "content_type": 48, "codename": "add_stock"}}, {"model": "auth.permission", "pk": 190, "fields": {"name": "Can change stock", "content_type": 48, "codename": "change_stock"}}, {"model": "auth.permission", "pk": 191, "fields": {"name": "Can delete stock", "content_type": 48, "codename": "delete_stock"}}, {"model": "auth.permission", "pk": 192, "fields": {"name": "Can view stock", "content_type": 48, "codename": "view_stock"}}, {"model": "auth.permission", "pk": 193, "fields": {"name": "Can add raw material", "content_type": 49, "codename": "add_rawmaterial"}}, {"model": "auth.permission", "pk": 194, "fields": {"name": "Can change raw material", "content_type": 49, "codename": "change_rawmaterial"}}, {"model": "auth.permission", "pk": 195, "fields": {"name": "Can delete raw material", "content_type": 49, "codename": "delete_rawmaterial"}}, {"model": "auth.permission", "pk": 196, "fields": {"name": "Can view raw material", "content_type": 49, "codename": "view_rawmaterial"}}, {"model": "auth.permission", "pk": 197, "fields": {"name": "Can add user config", "content_type": 50, "codename": "add_userconfig"}}, {"model": "auth.permission", "pk": 198, "fields": {"name": "Can change user config", "content_type": 50, "codename": "change_userconfig"}}, {"model": "auth.permission", "pk": 199, "fields": {"name": "Can delete user config", "content_type": 50, "codename": "delete_userconfig"}}, {"model": "auth.permission", "pk": 200, "fields": {"name": "Can view user config", "content_type": 50, "codename": "view_userconfig"}}, {"model": "auth.permission", "pk": 201, "fields": {"name": "Can add driver address", "content_type": 51, "codename": "add_driveraddress"}}, {"model": "auth.permission", "pk": 202, "fields": {"name": "Can change driver address", "content_type": 51, "codename": "change_driveraddress"}}, {"model": "auth.permission", "pk": 203, "fields": {"name": "Can delete driver address", "content_type": 51, "codename": "delete_driveraddress"}}, {"model": "auth.permission", "pk": 204, "fields": {"name": "Can view driver address", "content_type": 51, "codename": "view_driveraddress"}}, {"model": "auth.group", "pk": 5, "fields": {"name": "Employee", "permissions": []}}, {"model": "auth.group", "pk": 6, "fields": {"name": "Driver", "permissions": []}}, {"model": "auth.user", "pk": 1, "fields": {"password": "pbkdf2_sha256$216000$sZdKb2CoPEVA$Eyuu7DMQp7pQmh4iy8qmqlYdvUhHkfZjidezMv6LO+0=", "last_login": "2021-08-07T08:44:09Z", "is_superuser": true, "username": "root", "first_name": "Sameer Kumar", "last_name": "Tiwari", "email": "esarconcrete@gmail.com", "is_staff": true, "is_active": true, "date_joined": "2021-08-02T09:23:54Z", "groups": [], "user_permissions": [73, 74, 75, 76, 41, 42, 43, 44, 37, 38, 39, 40, 69, 70, 71, 72, 61, 62, 63, 64, 77, 78, 79, 80, 81, 82, 83, 84, 105, 106, 107, 108, 109, 110, 111, 112, 201, 202, 203, 204, 49, 50, 51, 52, 97, 98, 99, 100, 65, 66, 67, 68, 85, 86, 87, 88, 33, 34, 35, 36, 29, 30, 31, 32, 53, 54, 55, 56, 25, 26, 27, 28, 89, 90, 91, 92, 197, 198, 199, 200, 45, 46, 47, 48, 93, 94, 95, 96, 101, 102, 103, 104, 57, 58, 59, 60, 1, 2, 3, 4, 9, 10, 11, 12, 5, 6, 7, 8, 13, 14, 15, 16, 17, 18, 19, 20, 165, 166, 167, 168, 177, 178, 179, 180, 173, 174, 175, 176, 169, 170, 171, 172, 133, 134, 135, 136, 113, 114, 115, 116, 141, 142, 143, 144, 161, 162, 163, 164, 125, 126, 127, 128, 121, 122, 123, 124, 149, 150, 151, 152, 157, 158, 159, 160, 129, 130, 131, 132, 117, 118, 119, 120, 137, 138, 139, 140, 145, 146, 147, 148, 153, 154, 155, 156, 21, 22, 23, 24, 193, 194, 195, 196, 181, 182, 183, 184, 189, 190, 191, 192, 185, 186, 187, 188]}}, {"model": "auth.user", "pk": 2, "fields": {"password": "pass123", "last_login": null, "is_superuser": false, "username": "employee", "first_name": "Baram", "last_name": "Baba", "email": "baram@gmail.com", "is_staff": false, "is_active": false, "date_joined": "2021-08-16T14:32:45.857Z", "groups": [5], "user_permissions": [75, 76, 42]}}, {"model": "auth.user", "pk": 3, "fields": {"password": "pass123", "last_login": null, "is_superuser": false, "username": "employee2", "first_name": "Bhura", "last_name": "Baba", "email": "", "is_staff": false, "is_active": false, "date_joined": "2021-08-16T14:33:45.888Z", "groups": [5], "user_permissions": [75, 76, 42]}}, {"model": "auth.user", "pk": 4, "fields": {"password": "pass123", "last_login": null, "is_superuser": false, "username": "employee3", "first_name": "Shankhu", "last_name": "Baba", "email": "shankhu@gmail.com", "is_staff": false, "is_active": false, "date_joined": "2021-08-16T14:33:45.888Z", "groups": [5], "user_permissions": [75, 76, 42]}}, {"model": "contenttypes.contenttype", "pk": 1, "fields": {"app_label": "admin", "model": "logentry"}}, {"model": "contenttypes.contenttype", "pk": 2, "fields": {"app_label": "auth", "model": "permission"}}, {"model": "contenttypes.contenttype", "pk": 3, "fields": {"app_label": "auth", "model": "group"}}, {"model": "contenttypes.contenttype", "pk": 4, "fields": {"app_label": "auth", "model": "user"}}, {"model": "contenttypes.contenttype", "pk": 5, "fields": {"app_label": "contenttypes", "model": "contenttype"}}, {"model": "contenttypes.contenttype", "pk": 6, "fields": {"app_label": "sessions", "model": "session"}}, {"model": "contenttypes.contenttype", "pk": 7, "fields": {"app_label": "account", "model": "tax"}}, {"model": "contenttypes.contenttype", "pk": 8, "fields": {"app_label": "account", "model": "idsmap"}}, {"model": "contenttypes.contenttype", "pk": 9, "fields": {"app_label": "account", "model": "ids"}}, {"model": "contenttypes.contenttype", "pk": 10, "fields": {"app_label": "account", "model": "companyaddress"}}, {"model": "contenttypes.contenttype", "pk": 11, "fields": {"app_label": "account", "model": "company"}}, {"model": "contenttypes.contenttype", "pk": 12, "fields": {"app_label": "account", "model": "usernote"}}, {"model": "contenttypes.contenttype", "pk": 13, "fields": {"app_label": "account", "model": "emailtemplate"}}, {"model": "contenttypes.contenttype", "pk": 14, "fields": {"app_label": "account", "model": "plant"}}, {"model": "contenttypes.contenttype", "pk": 15, "fields": {"app_label": "account", "model": "vendoraddress"}}, {"model": "contenttypes.contenttype", "pk": 16, "fields": {"app_label": "account", "model": "companysetting"}}, {"model": "contenttypes.contenttype", "pk": 17, "fields": {"app_label": "account", "model": "employeeaddress"}}, {"model": "contenttypes.contenttype", "pk": 18, "fields": {"app_label": "account", "model": "companycustomer"}}, {"model": "contenttypes.contenttype", "pk": 19, "fields": {"app_label": "account", "model": "address"}}, {"model": "contenttypes.contenttype", "pk": 20, "fields": {"app_label": "account", "model": "customer"}}, {"model": "contenttypes.contenttype", "pk": 21, "fields": {"app_label": "account", "model": "customeraddress"}}, {"model": "contenttypes.contenttype", "pk": 22, "fields": {"app_label": "account", "model": "employeetype"}}, {"model": "contenttypes.contenttype", "pk": 23, "fields": {"app_label": "account", "model": "termandcondition"}}, {"model": "contenttypes.contenttype", "pk": 24, "fields": {"app_label": "account", "model": "vehicle"}}, {"model": "contenttypes.contenttype", "pk": 25, "fields": {"app_label": "account", "model": "employee"}}, {"model": "contenttypes.contenttype", "pk": 26, "fields": {"app_label": "account", "model": "vendor"}}, {"model": "contenttypes.contenttype", "pk": 27, "fields": {"app_label": "account", "model": "department"}}, {"model": "contenttypes.contenttype", "pk": 28, "fields": {"app_label": "account", "model": "driver"}}, {"model": "contenttypes.contenttype", "pk": 29, "fields": {"app_label": "sales", "model": "customerpayment"}}, {"model": "contenttypes.contenttype", "pk": 30, "fields": {"app_label": "sales", "model": "saleorder"}}, {"model": "contenttypes.contenttype", "pk": 31, "fields": {"app_label": "sales", "model": "invoicetax"}}, {"model": "contenttypes.contenttype", "pk": 32, "fields": {"app_label": "sales", "model": "invoiceproductline"}}, {"model": "contenttypes.contenttype", "pk": 33, "fields": {"app_label": "sales", "model": "plantsaleorder"}}, {"model": "contenttypes.contenttype", "pk": 34, "fields": {"app_label": "sales", "model": "customerinvoice"}}, {"model": "contenttypes.contenttype", "pk": 35, "fields": {"app_label": "sales", "model": "saleorderinvoice"}}, {"model": "contenttypes.contenttype", "pk": 36, "fields": {"app_label": "sales", "model": "customersaleorder"}}, {"model": "contenttypes.contenttype", "pk": 37, "fields": {"app_label": "sales", "model": "saleorderproductline"}}, {"model": "contenttypes.contenttype", "pk": 38, "fields": {"app_label": "sales", "model": "outstanding"}}, {"model": "contenttypes.contenttype", "pk": 39, "fields": {"app_label": "sales", "model": "saleordertax"}}, {"model": "contenttypes.contenttype", "pk": 40, "fields": {"app_label": "sales", "model": "payment"}}, {"model": "contenttypes.contenttype", "pk": 41, "fields": {"app_label": "sales", "model": "invoice"}}, {"model": "contenttypes.contenttype", "pk": 42, "fields": {"app_label": "production", "model": "companyproduct"}}, {"model": "contenttypes.contenttype", "pk": 43, "fields": {"app_label": "production", "model": "recipeingredient"}}, {"model": "contenttypes.contenttype", "pk": 44, "fields": {"app_label": "production", "model": "recipe"}}, {"model": "contenttypes.contenttype", "pk": 45, "fields": {"app_label": "production", "model": "product"}}, {"model": "contenttypes.contenttype", "pk": 46, "fields": {"app_label": "stock", "model": "rawmaterialentry"}}, {"model": "contenttypes.contenttype", "pk": 47, "fields": {"app_label": "stock", "model": "stockentry"}}, {"model": "contenttypes.contenttype", "pk": 48, "fields": {"app_label": "stock", "model": "stock"}}, {"model": "contenttypes.contenttype", "pk": 49, "fields": {"app_label": "stock", "model": "rawmaterial"}}, {"model": "contenttypes.contenttype", "pk": 50, "fields": {"app_label": "account", "model": "userconfig"}}, {"model": "contenttypes.contenttype", "pk": 51, "fields": {"app_label": "account", "model": "driveraddress"}}, {"model": "sessions.session", "pk": "cx2xlgcgnc76zt6jevgdsjcbb7roha06", "fields": {"session_data": ".eJxVjDsOwjAQBe_iGln-xhtKes5g7dpeHECOFCcV4u4QKQW0b2beS0Tc1hq3XpY4ZXEWWpx-N8L0KG0H-Y7tNss0t3WZSO6KPGiX1zmX5-Vw_w4q9vqtKQe0A47KauezZWJ0bDyR9cygs1ZDYoTRuKIKWK8QtEMygCUEBCfeH_U6OCU:1mBI3e:HfoxXgQzZiRHXknsHpYWLnWvAmf4FksLa8e_xpLHblw", "expire_date": "2021-08-18T14:39:46.429Z"}}, {"model": "sessions.session", "pk": "l2wtq8eugoiwt3qct4zwzknnyc7er962", "fields": {"session_data": ".eJxVjDsOwjAQBe_iGln-xhtKes5g7dpeHECOFCcV4u4QKQW0b2beS0Tc1hq3XpY4ZXEWWpx-N8L0KG0H-Y7tNss0t3WZSO6KPGiX1zmX5-Vw_w4q9vqtKQe0A47KauezZWJ0bDyR9cygs1ZDYoTRuKIKWK8QtEMygCUEBCfeH_U6OCU:1mCHw9:EigoQ6mDL4-WjA0i5QDzJFPfom0WV9Hc5ncYsyIF8sg", "expire_date": "2021-08-21T08:44:09.441Z"}}, {"model": "account.company", "pk": "c7307a1b-4410-4564-b7c3-6d9972b44e9e", "fields": {"user": 1, "name": "ESAR Concrete", "logo": "logo/esar_7UHTo3v.jpeg", "email": "esarconcrete@gmail.com", "phone": "+919131828800", "gstin": "22AAIFE3761A1Z0", "panNo": "1020304050", "orgType": "2"}}, {"model": "account.address", "pk": 2, "fields": {"code": "A21030001", "addrsType": "ORGANIZATION", "name": "ESAR Concrete", "line1": "Raipur RMX Plant", "line2": "Khasra No-504,", "line3": "Village - Serikhedi", "state": "Chhattisgarh", "stateCode": 22, "city": "Raipur", "postalCode": "492101", "typeCode": "ATC01", "phone": "+919131828800", "fax": "", "email": "esarconcrete@gmail.com", "gstin": "22AAIFE3761A1Z0", "panNo": "AAIFE3761A", "createdBy": "", "createdOn": "2021-03-03T12:17:51.095Z", "modifiedBy": "esarconcrete@gmail.com", "modifiedOn": "2021-08-03T20:23:53.014Z"}}, {"model": "account.address", "pk": 15, "fields": {"code": "EADR2021070001", "addrsType": "BILLING", "name": "Sumeet Synfab India Pvt. Ltd.", "line1": "Near Hari Bhoomi Press, Pachpedinaka", "line2": "", "line3": "", "state": "Chhattisgarh", "stateCode": 22, "city": "Raipur", "postalCode": "492001", "typeCode": "ATC03", "phone": "9424104951", "fax": "", "email": "", "gstin": "22AAHCS7997Q1ZA", "panNo": "AAHCS7997Q", "createdBy": "", "createdOn": "2021-07-25T10:12:18.004Z", "modifiedBy": "", "modifiedOn": "2021-07-25T10:12:18.004Z"}}, {"model": "account.address", "pk": 16, "fields": {"code": "EADR2021070002", "addrsType": "SHIPPING", "name": "Sumeet Synfab India Pvt. Ltd.", "line1": "Near Hari Bhoomi Press, Pachpedinaka", "line2": "", "line3": "", "state": "Chhattisgarh", "stateCode": 22, "city": "Raipur", "postalCode": "492001", "typeCode": "ATC02", "phone": "8770700300", "fax": "", "email": "", "gstin": "22AAHCS7997Q1ZA", "panNo": "AAHCS7997Q", "createdBy": "sptiwari46289@gmail.com", "createdOn": "2021-07-25T10:14:23.671Z", "modifiedBy": "sptiwari46289@gmail.com", "modifiedOn": "2021-07-25T15:28:32.508Z"}}, {"model": "account.address", "pk": 17, "fields": {"code": "EADR2021070003", "addrsType": "BILLING", "name": "Tiara Infrastructure Limited", "line1": "W-52/R/348", "line2": "Behind Durga Temple", "line3": "Dunda", "state": "Chhattisgarh", "stateCode": 22, "city": "Raipur", "postalCode": "492001", "typeCode": "ATC03", "phone": "07314995740", "fax": "", "email": "info@tiarainfrastructure.com", "gstin": "22AACCT6902D1ZU", "panNo": "AACCT6902D", "createdBy": "", "createdOn": "2021-07-25T16:26:43.344Z", "modifiedBy": "sptiwari46289@gmail.com", "modifiedOn": "2021-07-25T16:28:17.365Z"}}, {"model": "account.address", "pk": 36, "fields": {"code": "EADR2021080023", "addrsType": "BILLING", "name": "Shri Rishabhdeo Mandir Trust", "line1": "Sadar Bazar", "line2": "", "line3": "", "state": "Chhattisgarh", "stateCode": 22, "city": "Raipur", "postalCode": "492001", "typeCode": "ATC03", "phone": "9300046897", "fax": "", "email": "", "gstin": "22AAAAS3594A2ZW", "panNo": "AAAAS3594A", "createdBy": "esarconcrete@gmail.com", "createdOn": "2021-08-05T13:57:30.256Z", "modifiedBy": "esarconcrete@gmail.com", "modifiedOn": "2021-08-05T13:59:00.555Z"}}, {"model": "account.address", "pk": 37, "fields": {"code": "EADR2021080024", "addrsType": "SHIPPING", "name": "Shri Rishabhdeo Mandir Trust", "line1": "MG Road Dadawadi", "line2": "", "line3": "", "state": "Chhattisgarh", "stateCode": 22, "city": "Raipur", "postalCode": "492001", "typeCode": "ATC02", "phone": "9300046897", "fax": "", "email": "", "gstin": "22AAAAS3594A2ZW", "panNo": "AAAAS3594A", "createdBy": "esarconcrete@gmail.com", "createdOn": "2021-08-05T13:58:16.940Z", "modifiedBy": "esarconcrete@gmail.com", "modifiedOn": "2021-08-05T13:58:16.940Z"}}, {"model": "account.address", "pk": 38, "fields": {"code": "EADR2021080026", "addrsType": "BILLING", "name": "A-Kuber Infrastructure", "line1": "16/643, Near Vitthal Mandir", "line2": "Phool Chowk", "line3": "New Bazar", "state": "Chhattisgarh", "stateCode": 22, "city": "Raipur", "postalCode": "492001", "typeCode": "ATC03", "phone": "9827111645", "fax": "", "email": "", "gstin": "22ALOPK2686D1Z4", "panNo": "ALOPK2686D", "createdBy": "esarconcrete@gmail.com", "createdOn": "2021-08-10T17:15:15.899Z", "modifiedBy": "esarconcrete@gmail.com", "modifiedOn": "2021-08-10T17:15:15.899Z"}}, {"model": "account.address", "pk": 39, "fields": {"code": "EADR2021080027", "addrsType": "SHIPPING", "name": "A-Kuber Infrastructure", "line1": "Birgaon", "line2": "", "line3": "", "state": "Chhattisgarh", "stateCode": 22, "city": "Raipur", "postalCode": "492001", "typeCode": "ATC02", "phone": "9827111645", "fax": "", "email": "", "gstin": "22ALOPK2686D1Z4", "panNo": "ALOPK2686D", "createdBy": "esarconcrete@gmail.com", "createdOn": "2021-08-10T17:16:23.089Z", "modifiedBy": "esarconcrete@gmail.com", "modifiedOn": "2021-08-10T17:16:23.089Z"}}, {"model": "account.address", "pk": 40, "fields": {"code": "EADR2021080028", "addrsType": "BILLING", "name": "Pearl Infraventures", "line1": "Near OM Society", "line2": "Sundar Nagar", "line3": "", "state": "Chhattisgarh", "stateCode": 22, "city": "Raipur", "postalCode": "492001", "typeCode": "ATC03", "phone": "8962011223", "fax": "", "email": "pearlinfra2019@gmail.com", "gstin": "22AQGPP2671L2ZM", "panNo": "AQGPP2671L", "createdBy": "esarconcrete@gmail.com", "createdOn": "2021-08-12T14:50:42.178Z", "modifiedBy": "esarconcrete@gmail.com", "modifiedOn": "2021-08-12T14:57:08.594Z"}}, {"model": "account.address", "pk": 41, "fields": {"code": "EADR2021080029", "addrsType": "SHIPPING", "name": "Pearl Infraventures", "line1": "Ananta", "line2": "Fundhar", "line3": "", "state": "Chhattisgarh", "stateCode": 22, "city": "Raipur", "postalCode": "492001", "typeCode": "ATC02", "phone": "8962011223", "fax": "", "email": "pearlinfra2019@gmail.com", "gstin": "22AQGPP2671L2ZM", "panNo": "AQGPP2671L", "createdBy": "esarconcrete@gmail.com", "createdOn": "2021-08-12T14:54:20.626Z", "modifiedBy": "esarconcrete@gmail.com", "modifiedOn": "2021-08-12T14:59:26.560Z"}}, {"model": "account.address", "pk": 50, "fields": {"code": "EADR2021080041", "addrsType": "RESIDENTIAL", "name": "Ramesh", "line1": "ABC", "line2": "DEF", "line3": "", "state": "Chhattisgarh", "stateCode": 22, "city": "Raipur", "postalCode": "", "typeCode": "ATC04", "phone": "", "fax": "", "email": "", "gstin": "", "panNo": "", "createdBy": "esarconcrete@gmail.com", "createdOn": "2021-08-16T14:09:17.140Z", "modifiedBy": "esarconcrete@gmail.com", "modifiedOn": "2021-08-16T14:15:31.277Z"}}, {"model": "account.address", "pk": 52, "fields": {"code": "EADR2021080044", "addrsType": "RESIDENTIAL", "name": "Baram Baba", "line1": "ABCDEFGH", "line2": "", "line3": "", "state": "Chhattisgarh", "stateCode": 22, "city": "Raipur", "postalCode": "", "typeCode": "ATC04", "phone": "7723074266", "fax": "", "email": "", "gstin": "", "panNo": "", "createdBy": "esarconcrete@gmail.com", "createdOn": "2021-08-16T16:24:01.825Z", "modifiedBy": "", "modifiedOn": "2021-08-16T16:24:01.825Z"}}, {"model": "account.companyaddress", "pk": 2, "fields": {"company": "c7307a1b-4410-4564-b7c3-6d9972b44e9e", "address": 2}}, {"model": "account.plant", "pk": "9a6614d7-e2f8-4948-bfcf-05bd011958cb", "fields": {"company": "c7307a1b-4410-4564-b7c3-6d9972b44e9e", "address": 2, "monthRevenue": 0.0, "yearRevenue": 0.0, "establishmentYear": 0, "createdOn": "2021-08-03T16:05:38.707Z"}}, {"model": "account.department", "pk": 5, "fields": {"plant": "9a6614d7-e2f8-4948-bfcf-05bd011958cb", "total": null}}, {"model": "account.department", "pk": 6, "fields": {"plant": "9a6614d7-e2f8-4948-bfcf-05bd011958cb", "total": 0}}, {"model": "account.employee", "pk": 2, "fields": {"code": "EEM2021080001", "mobile": "7723074266", "panNo": "", "adhaarNo": "830238611272", "empType": null, "department": 5}}, {"model": "account.employee", "pk": 3, "fields": {"code": "EEM2021080002", "mobile": "7723074266", "panNo": "", "adhaarNo": "830238611272", "empType": null, "department": 5}}, {"model": "account.employee", "pk": 4, "fields": {"code": "EEM2021080003", "mobile": "7723074266", "panNo": "", "adhaarNo": "830238611272", "empType": null, "department": 5}}, {"model": "account.employeeaddress", "pk": 1, "fields": {"employee": 2, "address": 52}}, {"model": "account.driver", "pk": 1, "fields": {"department": 6, "dp": "", "name": "Ramesh", "dob": "2021-08-03", "dlNo": "123645986541234", "remark": "Sab Badhiya", "createdBy": "esarconcrete@gmail.com", "createdOn": "2021-08-16T07:11:55.972Z", "modifiedBy": "esarconcrete@gmail.com", "modifiedOn": "2021-08-16T09:09:20.467Z"}}, {"model": "account.driveraddress", "pk": 5, "fields": {"driver": 1, "address": 50}}, {"model": "account.customer", "pk": "7525f393-6b6c-4b3b-bee7-85081d2147d1", "fields": {"customerId": "ECUS2021080012", "name": "Pearl Infraventures", "email": "pearlinfra2019@gmail.com", "phone": "8962011223", "gstin": "22AQGPP2671L2ZM", "panNo": "AQGPP2671L", "createdOn": "2021-08-12T14:48:50.537Z", "createdBy": "esarconcrete@gmail.com", "modifiedOn": "2021-08-12T14:56:35.819Z", "modifiedBy": "esarconcrete@gmail.com"}}, {"model": "account.customer", "pk": "9319fbf2-6ef0-49fc-ac0f-d8a18ae765cf", "fields": {"customerId": "ECUS2021070002", "name": "Tiara Infrastructure Limited", "email": "info@tiarainfrastructure.com", "phone": "07314995740", "gstin": "22AACCT6902D1ZU", "panNo": "AACCT6902D", "createdOn": "2021-07-25T16:26:43.217Z", "createdBy": "sptiwari46289@gmail.com", "modifiedOn": "2021-07-25T16:26:43.218Z", "modifiedBy": ""}}, {"model": "account.customer", "pk": "b283dc6a-ba79-46e0-aade-f4aa9a7eb4a5", "fields": {"customerId": "ECUS2021070001", "name": "Sumeet Synfab India Pvt. Ltd.", "email": "ab@gmail.com", "phone": "9424104951", "gstin": "22AAHCS7997Q1ZA", "panNo": "AAHCS7997Q", "createdOn": "2021-07-25T10:12:17.966Z", "createdBy": "sptiwari46289@gmail.com", "modifiedOn": "2021-07-25T10:12:17.966Z", "modifiedBy": ""}}, {"model": "account.customer", "pk": "d926602f-71d7-47cf-8a46-73e9539a5dfd", "fields": {"customerId": "ECUS2021080010", "name": "Shri Rishabhdeo Mandir Trust", "email": "", "phone": "9300046897", "gstin": "22AAAAS3594A2ZW", "panNo": "AAAAS3594A", "createdOn": "2021-08-05T13:55:44.835Z", "createdBy": "esarconcrete@gmail.com", "modifiedOn": "2021-08-05T13:55:44.836Z", "modifiedBy": ""}}, {"model": "account.customer", "pk": "dbde1657-5df5-4367-94f6-e63517aa9e9a", "fields": {"customerId": "ECUS2021080011", "name": "A-Kuber Infrastructure", "email": "", "phone": "9827111645", "gstin": "22ALOPK2686D1Z4", "panNo": "ALOPK2686D", "createdOn": "2021-08-10T17:14:16.403Z", "createdBy": "esarconcrete@gmail.com", "modifiedOn": "2021-08-10T17:14:16.403Z", "modifiedBy": ""}}, {"model": "account.customeraddress", "pk": 12, "fields": {"customer": "b283dc6a-ba79-46e0-aade-f4aa9a7eb4a5", "address": 15}}, {"model": "account.customeraddress", "pk": 13, "fields": {"customer": "b283dc6a-ba79-46e0-aade-f4aa9a7eb4a5", "address": 16}}, {"model": "account.customeraddress", "pk": 14, "fields": {"customer": "9319fbf2-6ef0-49fc-ac0f-d8a18ae765cf", "address": 17}}, {"model": "account.customeraddress", "pk": 23, "fields": {"customer": "d926602f-71d7-47cf-8a46-73e9539a5dfd", "address": 36}}, {"model": "account.customeraddress", "pk": 24, "fields": {"customer": "d926602f-71d7-47cf-8a46-73e9539a5dfd", "address": 37}}, {"model": "account.customeraddress", "pk": 25, "fields": {"customer": "dbde1657-5df5-4367-94f6-e63517aa9e9a", "address": 38}}, {"model": "account.customeraddress", "pk": 26, "fields": {"customer": "dbde1657-5df5-4367-94f6-e63517aa9e9a", "address": 39}}, {"model": "account.customeraddress", "pk": 27, "fields": {"customer": "7525f393-6b6c-4b3b-bee7-85081d2147d1", "address": 40}}, {"model": "account.customeraddress", "pk": 28, "fields": {"customer": "7525f393-6b6c-4b3b-bee7-85081d2147d1", "address": 41}}, {"model": "account.ids", "pk": 2, "fields": {"name": "CUSTOMER", "prefix": "ECUS", "current": "ECUS2021080014", "upnext": "ECUS2021080015", "count": 13, "sep": "", "mask": "{prefix}{year}{month}{count}", "modifiedOn": "2021-08-15T15:00:39.533Z"}}, {"model": "account.ids", "pk": 3, "fields": {"name": "ADDRESS", "prefix": "EADR", "current": "EADR2021080044", "upnext": "EADR2021080045", "count": 44, "sep": "", "mask": "{prefix}{year}{month}{count}", "modifiedOn": "2021-08-16T16:24:01.828Z"}}, {"model": "account.ids", "pk": 4, "fields": {"name": "EMPLOYEE", "prefix": "EEM", "current": "EEM2021080003", "upnext": "EEM2021080004", "count": 3, "sep": "", "mask": "{prefix}{year}{month}{count}", "modifiedOn": "2021-08-16T16:47:38.544Z"}}, {"model": "account.ids", "pk": 5, "fields": {"name": "PRODUCT", "prefix": "PROD", "current": "PROD080010", "upnext": "PROD080011", "count": 5, "sep": "", "mask": "{prefix}{month}{count}", "modifiedOn": "2021-08-10T18:26:50.261Z"}}, {"model": "account.ids", "pk": 6, "fields": {"name": "SALEORDER", "prefix": "ESO", "current": "ESO2021080022", "upnext": "ESO2021080023", "count": 21, "sep": "", "mask": "{prefix}{year}{month}{count}", "modifiedOn": "2021-08-16T13:49:49.307Z"}}, {"model": "account.ids", "pk": 8, "fields": {"name": "INVOICE", "prefix": "ESR", "current": "ESR/2021/00267", "upnext": "ESR/2021/00268", "count": 266, "sep": "/", "mask": "{prefix}{year}{count}", "modifiedOn": "2021-08-15T14:28:48.498Z"}}, {"model": "account.tax", "pk": 1, "fields": {"code": "SGST", "fullname": "", "percent": 9.0, "use": true, "createdOn": "2021-08-03T17:13:55.347Z", "updatedOn": "2021-08-03T17:13:55.347Z"}}, {"model": "account.tax", "pk": 2, "fields": {"code": "CGST", "fullname": "", "percent": 9.0, "use": true, "createdOn": "2021-08-03T17:14:03.280Z", "updatedOn": "2021-08-03T17:14:03.280Z"}}, {"model": "account.tax", "pk": 3, "fields": {"code": "IGST", "fullname": "IST", "percent": 18.0, "use": false, "createdOn": "2021-08-05T14:37:36.805Z", "updatedOn": "2021-08-05T14:37:36.805Z"}}, {"model": "account.idsmap", "pk": 1, "fields": {"name": "CUSTOMER", "ids": 2}}, {"model": "account.idsmap", "pk": 2, "fields": {"name": "PRODUCT", "ids": 5}}, {"model": "account.idsmap", "pk": 3, "fields": {"name": "ADDRESS", "ids": 3}}, {"model": "account.idsmap", "pk": 4, "fields": {"name": "SALEORDER", "ids": 6}}, {"model": "account.idsmap", "pk": 5, "fields": {"name": "EMPLOYEE", "ids": 4}}, {"model": "account.idsmap", "pk": 7, "fields": {"name": "INVOICE", "ids": 8}}, {"model": "account.companysetting", "pk": 1, "fields": {"company": "c7307a1b-4410-4564-b7c3-6d9972b44e9e", "key": null, "createdOn": "2021-08-02T09:40:16Z", "updatedOn": "2021-08-02T09:40:27.492Z"}}, {"model": "account.emailtemplate", "pk": 1, "fields": {"setting": 1, "model": "INVOICE", "template": "Please find attached <b>INVOICE : %{INVOICE_NO}%</b><div><b><br></b></div><div><br></div><div>Regards</div><div>%{COMPANY_NAME}%</div><div>%{COMPANY_DISTRICT}%</div>", "createdOn": "2021-08-02T09:56:00Z", "updatedOn": "2021-08-02T09:56:10.181Z"}}, {"model": "account.termandcondition", "pk": 1, "fields": {"setting": 1, "model": "INVOICE", "tc": "<ul><li>1. Our responsibility ceases the moment consignment is delivered to you/your carrier.</li><li>2. Payment should be made by \"\"A/C Payee only\"\" - bank draft/cheque in favor of ESAR Concrete.</li><li>3. Payments received beyond agreed credit period will attract an interest @ 24% per annum.</li><li>4. Goods once sold will not be taken back &amp; all disputes are subject to Raipur jurisdiction.</li><li>5. ESAR Concrete reserves the right to effect changes in concrete mix design with or without prior intimation to customer due to change in incoming raw material properties and weather conditions.</li><li>6. ESAR Concrete is liable to supply&nbsp; ready mix concrete by production as well as trading.</li><li>7. All payments towards supplies are payable at Raipur (C.G.).</li></ul>", "createdOn": "2021-08-02T09:56:00Z", "updatedOn": "2021-08-02T09:56:52.633Z"}}, {"model": "sales.saleorder", "pk": 13, "fields": {"saleOrderId": "ESO2021080001", "poNumber": "104/RAIPUR/21", "poDate": "2021-08-03", "customerId": "ECUS2021070002", "orgName": "ESAR Concrete", "orgAddrsLine1": "Raipur RMX Plant", "orgAddrsLine2": "Khasra No-504,", "orgAddrsLine3": "Village - Serikhedi", "orgEmail": "esarconcrete@gmail.com", "orgPhone": "+919131828800", "orgFax": "", "orgState": "Chhattisgarh", "orgCity": "Raipur", "orgPostalCode": "492101", "orgGSTIN": "22AAIFE3761A1Z0", "orgLogo": "http://localhost:8000/media/logo/esar_7UHTo3v.jpeg", "orgPanNo": "1020304050", "billToName": "Tiara Infrastructure Limited", "billToAddrsLine1": "W-52/R/348", "billToAddrsLine2": "Behind Durga Temple", "billToAddrsLine3": "Dunda", "billToState": "Chhattisgarh", "billToCity": "Raipur", "billToPostalCode": "492001", "billToPhone": "07314995740", "billToEmail": "info@tiarainfrastructure.com", "billToPanNo": "AACCT6902D", "billToGSTIN": "22AACCT6902D1ZU", "shipToName": "Tiara Infrastructure Limited", "shipToAddrsLine1": "W-52/R/348", "shipToAddrsLine2": "Behind Durga Temple", "shipToAddrsLine3": "Dunda", "shipToState": "Chhattisgarh", "shipToCity": "Raipur", "shipToPostalCode": "492001", "shipToPhone": "07314995740", "shipToEmail": "info@tiarainfrastructure.com", "shipToPanNo": "AACCT6902D", "shipToGSTIN": "22AACCT6902D1ZU", "paymentTerms": "Advance", "totalAmount": 63559.2, "expired": false, "status": "OPEN", "dueDate": "2021-08-04", "completed": true, "paid": false, "completedOn": "2021-08-04", "createdOn": "2021-08-03T18:00:12.693Z", "createdBy": "esarconcrete@gmail.com"}}, {"model": "sales.saleorder", "pk": 14, "fields": {"saleOrderId": "ESO2021080002", "poNumber": "4", "poDate": "2021-08-03", "customerId": "ECUS2021070001", "orgName": "ESAR Concrete", "orgAddrsLine1": "Raipur RMX Plant", "orgAddrsLine2": "Khasra No-504,", "orgAddrsLine3": "Village - Serikhedi", "orgEmail": "esarconcrete@gmail.com", "orgPhone": "+919131828800", "orgFax": "", "orgState": "Chhattisgarh", "orgCity": "Raipur", "orgPostalCode": "492101", "orgGSTIN": "22AAIFE3761A1Z0", "orgLogo": "http://localhost:8000/media/logo/esar_7UHTo3v.jpeg", "orgPanNo": "1020304050", "billToName": "Sumeet Synfab India Pvt. Ltd.", "billToAddrsLine1": "Near Hari Bhoomi Press, Pachpedinaka", "billToAddrsLine2": "", "billToAddrsLine3": "", "billToState": "Chhattisgarh", "billToCity": "Raipur", "billToPostalCode": "492001", "billToPhone": "9424104951", "billToEmail": "", "billToPanNo": "AAHCS7997Q", "billToGSTIN": "22AAHCS7997Q1ZA", "shipToName": "Sumeet Synfab India Pvt. Ltd.", "shipToAddrsLine1": "Near Hari Bhoomi Press, Pachpedinaka", "shipToAddrsLine2": "", "shipToAddrsLine3": "", "shipToState": "Chhattisgarh", "shipToCity": "Raipur", "shipToPostalCode": "492001", "shipToPhone": "8770700300", "shipToEmail": "", "shipToPanNo": "AAHCS7997Q", "shipToGSTIN": "22AAHCS7997Q1ZA", "paymentTerms": "Advance", "totalAmount": 240254.0, "expired": false, "status": "OPEN", "dueDate": "2021-08-04", "completed": false, "paid": false, "completedOn": null, "createdOn": "2021-08-04T05:31:52Z", "createdBy": "esarconcrete@gmail.com"}}, {"model": "sales.saleorder", "pk": 15, "fields": {"saleOrderId": "ESO2021080003", "poNumber": "5", "poDate": "2021-08-04", "customerId": "ECUS2021070001", "orgName": "ESAR Concrete", "orgAddrsLine1": "Raipur RMX Plant", "orgAddrsLine2": "Khasra No-504,", "orgAddrsLine3": "Village - Serikhedi", "orgEmail": "esarconcrete@gmail.com", "orgPhone": "+919131828800", "orgFax": "", "orgState": "Chhattisgarh", "orgCity": "Raipur", "orgPostalCode": "492101", "orgGSTIN": "22AAIFE3761A1Z0", "orgLogo": "http://localhost:8000/media/logo/esar_7UHTo3v.jpeg", "orgPanNo": "1020304050", "billToName": "Sumeet Synfab India Pvt. Ltd.", "billToAddrsLine1": "Near Hari Bhoomi Press, Pachpedinaka", "billToAddrsLine2": "", "billToAddrsLine3": "", "billToState": "Chhattisgarh", "billToCity": "Raipur", "billToPostalCode": "492001", "billToPhone": "9424104951", "billToEmail": "", "billToPanNo": "AAHCS7997Q", "billToGSTIN": "22AAHCS7997Q1ZA", "shipToName": "Sumeet Synfab India Pvt. Ltd.", "shipToAddrsLine1": "Near Hari Bhoomi Press, Pachpedinaka", "shipToAddrsLine2": "", "shipToAddrsLine3": "", "shipToState": "Chhattisgarh", "shipToCity": "Raipur", "shipToPostalCode": "492001", "shipToPhone": "8770700300", "shipToEmail": "", "shipToPanNo": "AAHCS7997Q", "shipToGSTIN": "22AAHCS7997Q1ZA", "paymentTerms": "Advance", "totalAmount": 65726.96, "expired": false, "status": "OPEN", "dueDate": "2021-08-12", "completed": true, "paid": false, "completedOn": "2021-08-12", "createdOn": "2021-08-04T06:49:53Z", "createdBy": "esarconcrete@gmail.com"}}, {"model": "sales.saleorder", "pk": 16, "fields": {"saleOrderId": "ESO2021080004", "poNumber": "4", "poDate": "2021-08-04", "customerId": "ECUS2021070001", "orgName": "ESAR Concrete", "orgAddrsLine1": "Raipur RMX Plant", "orgAddrsLine2": "Khasra No-504,", "orgAddrsLine3": "Village - Serikhedi", "orgEmail": "esarconcrete@gmail.com", "orgPhone": "+919131828800", "orgFax": "", "orgState": "Chhattisgarh", "orgCity": "Raipur", "orgPostalCode": "492101", "orgGSTIN": "22AAIFE3761A1Z0", "orgLogo": "http://192.168.1.4:8000/media/logo/esar_7UHTo3v.jpeg", "orgPanNo": "1020304050", "billToName": "Sumeet Synfab India Pvt. Ltd.", "billToAddrsLine1": "Near Hari Bhoomi Press, Pachpedinaka", "billToAddrsLine2": "", "billToAddrsLine3": "", "billToState": "Chhattisgarh", "billToCity": "Raipur", "billToPostalCode": "492001", "billToPhone": "9424104951", "billToEmail": "", "billToPanNo": "AAHCS7997Q", "billToGSTIN": "22AAHCS7997Q1ZA", "shipToName": "Sumeet Synfab India Pvt. Ltd.", "shipToAddrsLine1": "Near Hari Bhoomi Press, Pachpedinaka", "shipToAddrsLine2": "", "shipToAddrsLine3": "", "shipToState": "Chhattisgarh", "shipToCity": "Raipur", "shipToPostalCode": "492001", "shipToPhone": "8770700300", "shipToEmail": "", "shipToPanNo": "AAHCS7997Q", "shipToGSTIN": "22AAHCS7997Q1ZA", "paymentTerms": "Advance", "totalAmount": 15616.51, "expired": false, "status": "OPEN", "dueDate": "2021-08-04", "completed": true, "paid": false, "completedOn": "2021-08-04", "createdOn": "2021-08-04T16:12:00.455Z", "createdBy": "esarconcrete@gmail.com"}}, {"model": "sales.saleorder", "pk": 31, "fields": {"saleOrderId": "ESO2021080005", "poNumber": "1", "poDate": "2021-08-05", "customerId": "ECUS2021080010", "orgName": "ESAR Concrete", "orgAddrsLine1": "Raipur RMX Plant", "orgAddrsLine2": "Khasra No-504,", "orgAddrsLine3": "Village - Serikhedi", "orgEmail": "esarconcrete@gmail.com", "orgPhone": "+919131828800", "orgFax": "", "orgState": "Chhattisgarh", "orgCity": "Raipur", "orgPostalCode": "492101", "orgGSTIN": "22AAIFE3761A1Z0", "orgLogo": "http://192.168.1.4:8000/media/logo/esar_7UHTo3v.jpeg", "orgPanNo": "1020304050", "billToName": "Shri Rishabhdeo Mandir Trust", "billToAddrsLine1": "Sadar Bazar", "billToAddrsLine2": "", "billToAddrsLine3": "", "billToState": "Chhattisgarh", "billToCity": "Raipur", "billToPostalCode": "492001", "billToPhone": "9300046897", "billToEmail": "", "billToPanNo": "AAAAS3594A", "billToGSTIN": "22AAAAS3594A2ZW", "shipToName": "Shri Rishabhdeo Mandir Trust", "shipToAddrsLine1": "MG Road Dadawadi", "shipToAddrsLine2": "", "shipToAddrsLine3": "", "shipToState": "Chhattisgarh", "shipToCity": "Raipur", "shipToPostalCode": "492001", "shipToPhone": "9300046897", "shipToEmail": "", "shipToPanNo": "AAAAS3594A", "shipToGSTIN": "22AAAAS3594A2ZW", "paymentTerms": "Advance", "totalAmount": 279661.0, "expired": false, "status": "OPEN", "dueDate": "2021-08-05", "completed": false, "paid": false, "completedOn": null, "createdOn": "2021-08-05T14:26:47.252Z", "createdBy": "esarconcrete@gmail.com"}}, {"model": "sales.saleorder", "pk": 32, "fields": {"saleOrderId": "ESO2021080007", "poNumber": "4", "poDate": "2021-08-04", "customerId": "ECUS2021070001", "orgName": "ESAR Concrete", "orgAddrsLine1": "Raipur RMX Plant", "orgAddrsLine2": "Khasra No-504,", "orgAddrsLine3": "Village - Serikhedi", "orgEmail": "esarconcrete@gmail.com", "orgPhone": "+919131828800", "orgFax": "", "orgState": "Chhattisgarh", "orgCity": "Raipur", "orgPostalCode": "492101", "orgGSTIN": "22AAIFE3761A1Z0", "orgLogo": "http://192.168.1.4:8000/media/logo/esar_7UHTo3v.jpeg", "orgPanNo": "1020304050", "billToName": "Sumeet Synfab India Pvt. Ltd.", "billToAddrsLine1": "Near Hari Bhoomi Press, Pachpedinaka", "billToAddrsLine2": "", "billToAddrsLine3": "", "billToState": "Chhattisgarh", "billToCity": "Raipur", "billToPostalCode": "492001", "billToPhone": "9424104951", "billToEmail": "", "billToPanNo": "AAHCS7997Q", "billToGSTIN": "22AAHCS7997Q1ZA", "shipToName": "Sumeet Synfab India Pvt. Ltd.", "shipToAddrsLine1": "Near Hari Bhoomi Press, Pachpedinaka", "shipToAddrsLine2": "", "shipToAddrsLine3": "", "shipToState": "Chhattisgarh", "shipToCity": "Raipur", "shipToPostalCode": "492001", "shipToPhone": "8770700300", "shipToEmail": "", "shipToPanNo": "AAHCS7997Q", "shipToGSTIN": "22AAHCS7997Q1ZA", "paymentTerms": "Advance", "totalAmount": 78082.55, "expired": false, "status": "OPEN", "dueDate": "2021-08-06", "completed": true, "paid": false, "completedOn": "2021-08-06", "createdOn": "2021-08-05T15:27:03.740Z", "createdBy": "esarconcrete@gmail.com"}}, {"model": "sales.saleorder", "pk": 33, "fields": {"saleOrderId": "ESO2021080010", "poNumber": "4", "poDate": "2021-08-04", "customerId": "ECUS2021070001", "orgName": "ESAR Concrete", "orgAddrsLine1": "Raipur RMX Plant", "orgAddrsLine2": "Khasra No-504,", "orgAddrsLine3": "Village - Serikhedi", "orgEmail": "esarconcrete@gmail.com", "orgPhone": "+919131828800", "orgFax": "", "orgState": "Chhattisgarh", "orgCity": "Raipur", "orgPostalCode": "492101", "orgGSTIN": "22AAIFE3761A1Z0", "orgLogo": "http://192.168.1.4:8000/media/logo/esar_7UHTo3v.jpeg", "orgPanNo": "1020304050", "billToName": "Sumeet Synfab India Pvt. Ltd.", "billToAddrsLine1": "Near Hari Bhoomi Press, Pachpedinaka", "billToAddrsLine2": "", "billToAddrsLine3": "", "billToState": "Chhattisgarh", "billToCity": "Raipur", "billToPostalCode": "492001", "billToPhone": "9424104951", "billToEmail": "", "billToPanNo": "AAHCS7997Q", "billToGSTIN": "22AAHCS7997Q1ZA", "shipToName": "Sumeet Synfab India Pvt. Ltd.", "shipToAddrsLine1": "Near Hari Bhoomi Press, Pachpedinaka", "shipToAddrsLine2": "", "shipToAddrsLine3": "", "shipToState": "Chhattisgarh", "shipToCity": "Raipur", "shipToPostalCode": "492001", "shipToPhone": "8770700300", "shipToEmail": "", "shipToPanNo": "AAHCS7997Q", "shipToGSTIN": "22AAHCS7997Q1ZA", "paymentTerms": "Advance", "totalAmount": 7207.62, "expired": false, "status": "OPEN", "dueDate": "2021-08-06", "completed": true, "paid": false, "completedOn": "2021-08-06", "createdOn": "2021-08-06T06:09:21.922Z", "createdBy": "esarconcrete@gmail.com"}}, {"model": "sales.saleorder", "pk": 34, "fields": {"saleOrderId": "ESO2021080013", "poNumber": "4", "poDate": "2021-08-07", "customerId": "ECUS2021070001", "orgName": "ESAR Concrete", "orgAddrsLine1": "Raipur RMX Plant", "orgAddrsLine2": "Khasra No-504,", "orgAddrsLine3": "Village - Serikhedi", "orgEmail": "esarconcrete@gmail.com", "orgPhone": "+919131828800", "orgFax": "", "orgState": "Chhattisgarh", "orgCity": "Raipur", "orgPostalCode": "492101", "orgGSTIN": "22AAIFE3761A1Z0", "orgLogo": "http://192.168.1.4:8000/media/logo/esar_7UHTo3v.jpeg", "orgPanNo": "1020304050", "billToName": "Sumeet Synfab India Pvt. Ltd.", "billToAddrsLine1": "Near Hari Bhoomi Press, Pachpedinaka", "billToAddrsLine2": "", "billToAddrsLine3": "", "billToState": "Chhattisgarh", "billToCity": "Raipur", "billToPostalCode": "492001", "billToPhone": "9424104951", "billToEmail": "", "billToPanNo": "AAHCS7997Q", "billToGSTIN": "22AAHCS7997Q1ZA", "shipToName": "Sumeet Synfab India Pvt. Ltd.", "shipToAddrsLine1": "Near Hari Bhoomi Press, Pachpedinaka", "shipToAddrsLine2": "", "shipToAddrsLine3": "", "shipToState": "Chhattisgarh", "shipToCity": "Raipur", "shipToPostalCode": "492001", "shipToPhone": "8770700300", "shipToEmail": "", "shipToPanNo": "AAHCS7997Q", "shipToGSTIN": "22AAHCS7997Q1ZA", "paymentTerms": "Advance", "totalAmount": 249864.16, "expired": false, "status": "OPEN", "dueDate": "2021-08-11", "completed": true, "paid": false, "completedOn": "2021-08-11", "createdOn": "2021-08-07T12:55:15.110Z", "createdBy": "esarconcrete@gmail.com"}}, {"model": "sales.saleorder", "pk": 35, "fields": {"saleOrderId": "ESO2021080014", "poNumber": "1", "poDate": "2021-08-10", "customerId": "ECUS2021080011", "orgName": "ESAR Concrete", "orgAddrsLine1": "Raipur RMX Plant", "orgAddrsLine2": "Khasra No-504,", "orgAddrsLine3": "Village - Serikhedi", "orgEmail": "esarconcrete@gmail.com", "orgPhone": "+919131828800", "orgFax": "", "orgState": "Chhattisgarh", "orgCity": "Raipur", "orgPostalCode": "492101", "orgGSTIN": "22AAIFE3761A1Z0", "orgLogo": "http://192.168.1.4:8000/media/logo/esar_7UHTo3v.jpeg", "orgPanNo": "1020304050", "billToName": "A-Kuber Infrastructure", "billToAddrsLine1": "16/643, Near Vitthal Mandir", "billToAddrsLine2": "Phool Chowk", "billToAddrsLine3": "New Bazar", "billToState": "Chhattisgarh", "billToCity": "Raipur", "billToPostalCode": "492001", "billToPhone": "9827111645", "billToEmail": "", "billToPanNo": "ALOPK2686D", "billToGSTIN": "22ALOPK2686D1Z4", "shipToName": "A-Kuber Infrastructure", "shipToAddrsLine1": "Birgaon", "shipToAddrsLine2": "", "shipToAddrsLine3": "", "shipToState": "Chhattisgarh", "shipToCity": "Raipur", "shipToPostalCode": "492001", "shipToPhone": "9827111645", "shipToEmail": "", "shipToPanNo": "ALOPK2686D", "shipToGSTIN": "22ALOPK2686D1Z4", "paymentTerms": "Advance", "totalAmount": 915255.0, "expired": false, "status": "OPEN", "dueDate": "2021-08-10", "completed": false, "paid": false, "completedOn": null, "createdOn": "2021-08-10T17:17:28.988Z", "createdBy": "esarconcrete@gmail.com"}}, {"model": "sales.saleorder", "pk": 36, "fields": {"saleOrderId": "ESO2021080017", "poNumber": "4", "poDate": "2021-08-11", "customerId": "ECUS2021070001", "orgName": "ESAR Concrete", "orgAddrsLine1": "Raipur RMX Plant", "orgAddrsLine2": "Khasra No-504,", "orgAddrsLine3": "Village - Serikhedi", "orgEmail": "esarconcrete@gmail.com", "orgPhone": "+919131828800", "orgFax": "", "orgState": "Chhattisgarh", "orgCity": "Raipur", "orgPostalCode": "492101", "orgGSTIN": "22AAIFE3761A1Z0", "orgLogo": "http://192.168.1.4:8000/media/logo/esar_7UHTo3v.jpeg", "orgPanNo": "1020304050", "billToName": "Sumeet Synfab India Pvt. Ltd.", "billToAddrsLine1": "Near Hari Bhoomi Press, Pachpedinaka", "billToAddrsLine2": "", "billToAddrsLine3": "", "billToState": "Chhattisgarh", "billToCity": "Raipur", "billToPostalCode": "492001", "billToPhone": "9424104951", "billToEmail": "", "billToPanNo": "AAHCS7997Q", "billToGSTIN": "22AAHCS7997Q1ZA", "shipToName": "Sumeet Synfab India Pvt. Ltd.", "shipToAddrsLine1": "Near Hari Bhoomi Press, Pachpedinaka", "shipToAddrsLine2": "", "shipToAddrsLine3": "", "shipToState": "Chhattisgarh", "shipToCity": "Raipur", "shipToPostalCode": "492001", "shipToPhone": "8770700300", "shipToEmail": "", "shipToPanNo": "AAHCS7997Q", "shipToGSTIN": "22AAHCS7997Q1ZA", "paymentTerms": "Advance", "totalAmount": 360381.0, "expired": false, "status": "OPEN", "dueDate": "2021-08-11", "completed": false, "paid": false, "completedOn": null, "createdOn": "2021-08-11T09:53:10.218Z", "createdBy": "esarconcrete@gmail.com"}}, {"model": "sales.saleorder", "pk": 37, "fields": {"saleOrderId": "ESO2021080020", "poNumber": "1", "poDate": "2021-08-12", "customerId": "ECUS2021080012", "orgName": "ESAR Concrete", "orgAddrsLine1": "Raipur RMX Plant", "orgAddrsLine2": "Khasra No-504,", "orgAddrsLine3": "Village - Serikhedi", "orgEmail": "esarconcrete@gmail.com", "orgPhone": "+919131828800", "orgFax": "", "orgState": "Chhattisgarh", "orgCity": "Raipur", "orgPostalCode": "492101", "orgGSTIN": "22AAIFE3761A1Z0", "orgLogo": "http://192.168.1.4:8000/media/logo/esar_7UHTo3v.jpeg", "orgPanNo": "1020304050", "billToName": "Pearl Infraventures", "billToAddrsLine1": "Near OM Society", "billToAddrsLine2": "Sundar Nagar", "billToAddrsLine3": "", "billToState": "Chhattisgarh", "billToCity": "Raipur", "billToPostalCode": "492001", "billToPhone": "8962011223", "billToEmail": "pearlinfra2019@gmail.com", "billToPanNo": "AQGPP2671L", "billToGSTIN": "22AQGPP2671L2ZM", "shipToName": "Pearl Infraventures", "shipToAddrsLine1": "Ananta", "shipToAddrsLine2": "Fundhar", "shipToAddrsLine3": "", "shipToState": "Chhattisgarh", "shipToCity": "Raipur", "shipToPostalCode": "492001", "shipToPhone": "8962011223", "shipToEmail": "pearlinfra2019@gmail.com", "shipToPanNo": "AQGPP2671L", "shipToGSTIN": "22AQGPP2671L2ZM", "paymentTerms": "Advance", "totalAmount": 650771.55, "expired": false, "status": "OPEN", "dueDate": "2021-08-12", "completed": false, "paid": false, "completedOn": null, "createdOn": "2021-08-12T15:03:00.214Z", "createdBy": "esarconcrete@gmail.com"}}, {"model": "sales.saleorderproductline", "pk": 13, "fields": {"saleOrder": 13, "sopCode": "PROD070003", "sopName": "M30 (Free Cement)-Pump", "sopDescription": "M30 (Free Cement)-Pump", "sopHsnCode": "38245010", "sopUom": "M3", "sopRate": 2118.64, "sopQty": 30.0, "sopDeliveredQty": 30.0}}, {"model": "sales.saleorderproductline", "pk": 14, "fields": {"saleOrder": 14, "sopCode": "PROD080004", "sopName": "M30-PUMP", "sopDescription": "M30 PUMP", "sopHsnCode": "38245010", "sopUom": "M3", "sopRate": 2402.54, "sopQty": 100.0, "sopDeliveredQty": 97.5}}, {"model": "sales.saleorderproductline", "pk": 15, "fields": {"saleOrder": 15, "sopCode": "PROD080005", "sopName": "M35-PUMP", "sopDescription": "M35 PUMP", "sopHsnCode": "38245010", "sopUom": "M3", "sopRate": 2527.96, "sopQty": 26.0, "sopDeliveredQty": 26.0}}, {"model": "sales.saleorderproductline", "pk": 16, "fields": {"saleOrder": 16, "sopCode": "PROD080004", "sopName": "M30-PUMP", "sopDescription": "M30 PUMP", "sopHsnCode": "38245010", "sopUom": "M3", "sopRate": 2402.54, "sopQty": 6.5, "sopDeliveredQty": 6.5}}, {"model": "sales.saleorderproductline", "pk": 31, "fields": {"saleOrder": 31, "sopCode": "PROD080006", "sopName": "M25-Pump", "sopDescription": "M25-Pump", "sopHsnCode": "38245010", "sopUom": "M3", "sopRate": 2796.61, "sopQty": 100.0, "sopDeliveredQty": 78.0}}, {"model": "sales.saleorderproductline", "pk": 32, "fields": {"saleOrder": 32, "sopCode": "PROD080004", "sopName": "M30-PUMP", "sopDescription": "M30 PUMP", "sopHsnCode": "38245010", "sopUom": "M3", "sopRate": 2402.54, "sopQty": 32.5, "sopDeliveredQty": 32.5}}, {"model": "sales.saleorderproductline", "pk": 33, "fields": {"saleOrder": 33, "sopCode": "PROD080004", "sopName": "M30-PUMP", "sopDescription": "M30 PUMP", "sopHsnCode": "38245010", "sopUom": "M3", "sopRate": 2402.54, "sopQty": 3.0, "sopDeliveredQty": 3.0}}, {"model": "sales.saleorderproductline", "pk": 34, "fields": {"saleOrder": 34, "sopCode": "PROD080004", "sopName": "M30-PUMP", "sopDescription": "M30 PUMP", "sopHsnCode": "38245010", "sopUom": "M3", "sopRate": 2402.54, "sopQty": 104.0, "sopDeliveredQty": 104.0}}, {"model": "sales.saleorderproductline", "pk": 35, "fields": {"saleOrder": 35, "sopCode": "PROD070002", "sopName": "M30-Dump", "sopDescription": "M30-Dump", "sopHsnCode": "38245010", "sopUom": "M3", "sopRate": 3050.85, "sopQty": 300.0, "sopDeliveredQty": 13.0}}, {"model": "sales.saleorderproductline", "pk": 36, "fields": {"saleOrder": 36, "sopCode": "PROD080004", "sopName": "M30-PUMP", "sopDescription": "M30 PUMP", "sopHsnCode": "38245010", "sopUom": "M3", "sopRate": 2402.54, "sopQty": 150.0, "sopDeliveredQty": 30.0}}, {"model": "sales.saleorderproductline", "pk": 37, "fields": {"saleOrder": 37, "sopCode": "PROD080008", "sopName": "M25-Pump", "sopDescription": "M25-Pump", "sopHsnCode": "38245010", "sopUom": "M3", "sopRate": 3033.9, "sopQty": 214.5, "sopDeliveredQty": 26.0}}, {"model": "sales.saleordertax", "pk": 7, "fields": {"saleOrder": 13, "taxName": "SGST", "taxPercent": 9.0}}, {"model": "sales.saleordertax", "pk": 8, "fields": {"saleOrder": 13, "taxName": "CGST", "taxPercent": 9.0}}, {"model": "sales.saleordertax", "pk": 9, "fields": {"saleOrder": 14, "taxName": "SGST", "taxPercent": 9.0}}, {"model": "sales.saleordertax", "pk": 10, "fields": {"saleOrder": 14, "taxName": "CGST", "taxPercent": 9.0}}, {"model": "sales.saleordertax", "pk": 11, "fields": {"saleOrder": 15, "taxName": "SGST", "taxPercent": 9.0}}, {"model": "sales.saleordertax", "pk": 12, "fields": {"saleOrder": 15, "taxName": "CGST", "taxPercent": 9.0}}, {"model": "sales.saleordertax", "pk": 13, "fields": {"saleOrder": 16, "taxName": "SGST", "taxPercent": 9.0}}, {"model": "sales.saleordertax", "pk": 14, "fields": {"saleOrder": 16, "taxName": "CGST", "taxPercent": 9.0}}, {"model": "sales.saleordertax", "pk": 43, "fields": {"saleOrder": 31, "taxName": "SGST", "taxPercent": 9.0}}, {"model": "sales.saleordertax", "pk": 44, "fields": {"saleOrder": 31, "taxName": "CGST", "taxPercent": 9.0}}, {"model": "sales.saleordertax", "pk": 45, "fields": {"saleOrder": 32, "taxName": "SGST", "taxPercent": 9.0}}, {"model": "sales.saleordertax", "pk": 46, "fields": {"saleOrder": 32, "taxName": "CGST", "taxPercent": 9.0}}, {"model": "sales.saleordertax", "pk": 47, "fields": {"saleOrder": 33, "taxName": "SGST", "taxPercent": 9.0}}, {"model": "sales.saleordertax", "pk": 48, "fields": {"saleOrder": 33, "taxName": "CGST", "taxPercent": 9.0}}, {"model": "sales.saleordertax", "pk": 49, "fields": {"saleOrder": 34, "taxName": "SGST", "taxPercent": 9.0}}, {"model": "sales.saleordertax", "pk": 50, "fields": {"saleOrder": 34, "taxName": "CGST", "taxPercent": 9.0}}, {"model": "sales.saleordertax", "pk": 51, "fields": {"saleOrder": 35, "taxName": "SGST", "taxPercent": 9.0}}, {"model": "sales.saleordertax", "pk": 52, "fields": {"saleOrder": 35, "taxName": "CGST", "taxPercent": 9.0}}, {"model": "sales.saleordertax", "pk": 53, "fields": {"saleOrder": 36, "taxName": "SGST", "taxPercent": 9.0}}, {"model": "sales.saleordertax", "pk": 54, "fields": {"saleOrder": 36, "taxName": "CGST", "taxPercent": 9.0}}, {"model": "sales.saleordertax", "pk": 55, "fields": {"saleOrder": 37, "taxName": "SGST", "taxPercent": 9.0}}, {"model": "sales.saleordertax", "pk": 56, "fields": {"saleOrder": 37, "taxName": "CGST", "taxPercent": 9.0}}, {"model": "sales.plantsaleorder", "pk": 4, "fields": {"plant": "9a6614d7-e2f8-4948-bfcf-05bd011958cb", "saleOrder": 13}}, {"model": "sales.plantsaleorder", "pk": 5, "fields": {"plant": "9a6614d7-e2f8-4948-bfcf-05bd011958cb", "saleOrder": 14}}, {"model": "sales.plantsaleorder", "pk": 6, "fields": {"plant": "9a6614d7-e2f8-4948-bfcf-05bd011958cb", "saleOrder": 15}}, {"model": "sales.plantsaleorder", "pk": 7, "fields": {"plant": "9a6614d7-e2f8-4948-bfcf-05bd011958cb", "saleOrder": 16}}, {"model": "sales.plantsaleorder", "pk": 8, "fields": {"plant": "9a6614d7-e2f8-4948-bfcf-05bd011958cb", "saleOrder": 31}}, {"model": "sales.plantsaleorder", "pk": 9, "fields": {"plant": "9a6614d7-e2f8-4948-bfcf-05bd011958cb", "saleOrder": 32}}, {"model": "sales.plantsaleorder", "pk": 10, "fields": {"plant": "9a6614d7-e2f8-4948-bfcf-05bd011958cb", "saleOrder": 33}}, {"model": "sales.plantsaleorder", "pk": 11, "fields": {"plant": "9a6614d7-e2f8-4948-bfcf-05bd011958cb", "saleOrder": 34}}, {"model": "sales.plantsaleorder", "pk": 12, "fields": {"plant": "9a6614d7-e2f8-4948-bfcf-05bd011958cb", "saleOrder": 35}}, {"model": "sales.plantsaleorder", "pk": 13, "fields": {"plant": "9a6614d7-e2f8-4948-bfcf-05bd011958cb", "saleOrder": 36}}, {"model": "sales.plantsaleorder", "pk": 14, "fields": {"plant": "9a6614d7-e2f8-4948-bfcf-05bd011958cb", "saleOrder": 37}}, {"model": "sales.invoice", "pk": 3, "fields": {"invoiceId": "ESR/2021/00196", "soNumber": "ESO2021080001", "poNumber": "104/RAIPUR/21", "deliveryDate": "2021-08-03", "customerId": "ECUS2021070002", "orgName": "ESAR Concrete", "orgAddrsLine1": "Raipur RMX Plant", "orgAddrsLine2": "Khasra No-504,", "orgAddrsLine3": "Village - Serikhedi", "orgEmail": "esarconcrete@gmail.com", "orgPhone": "+919131828800", "orgFax": "", "orgCity": "Raipur", "orgPostalCode": "492101", "orgState": "Chhattisgarh", "orgGSTIN": "22AAIFE3761A1Z0", "orgLogo": "http://localhost:8000/media/logo/esar_7UHTo3v.jpeg", "orgPanNo": "1020304050", "billToName": "Tiara Infrastructure Limited", "billToAddrsLine1": "W-52/R/348", "billToAddrsLine2": "Behind Durga Temple", "billToAddrsLine3": "Dunda", "billToState": "Chhattisgarh", "billToCity": "Raipur", "billToPostalCode": "492001", "billToPhone": "07314995740", "billToEmail": "info@tiarainfrastructure.com", "billToPanNo": "AACCT6902D", "billToGSTIN": "22AACCT6902D1ZU", "shipToName": "Tiara Infrastructure Limited", "shipToAddrsLine1": "W-52/R/348", "shipToAddrsLine2": "Behind Durga Temple", "shipToAddrsLine3": "Dunda", "shipToState": "Chhattisgarh", "shipToCity": "Raipur", "shipToPostalCode": "492001", "shipToPhone": "07314995740", "shipToEmail": "info@tiarainfrastructure.com", "shipToPanNo": "AACCT6902D", "shipToGSTIN": "22AACCT6902D1ZU", "transportMode": "Road", "transporterCode": "", "transporterName": "Anhad Constructions & Transporting", "vehicleRegNo": "CG04JD3866", "lrOrRrNo": "", "lrOrRrDate": null, "ewayBillNo": "", "ewayBillDatetime": null, "placeOfSupply": "Raipur", "perticulars": "", "paymentTerms": "Advance", "ticketNo": "330", "reverseTax": false, "invoiceAmount": 13771.16, "invoiceAmountWithTax": 16249.96, "paid": false, "cancelled": false, "cancelReason": "", "createdOn": "2021-08-03T00:00:00Z", "createdBy": "esarconcrete@gmail.com"}}, {"model": "sales.invoice", "pk": 4, "fields": {"invoiceId": "ESR/2021/00197", "soNumber": "ESO2021080001", "poNumber": "104/RAIPUR/21", "deliveryDate": "2021-08-03", "customerId": "ECUS2021070002", "orgName": "ESAR Concrete", "orgAddrsLine1": "Raipur RMX Plant", "orgAddrsLine2": "Khasra No-504,", "orgAddrsLine3": "Village - Serikhedi", "orgEmail": "esarconcrete@gmail.com", "orgPhone": "+919131828800", "orgFax": "", "orgCity": "Raipur", "orgPostalCode": "492101", "orgState": "Chhattisgarh", "orgGSTIN": "22AAIFE3761A1Z0", "orgLogo": "http://localhost:8000/media/logo/esar_7UHTo3v.jpeg", "orgPanNo": "1020304050", "billToName": "Tiara Infrastructure Limited", "billToAddrsLine1": "W-52/R/348", "billToAddrsLine2": "Behind Durga Temple", "billToAddrsLine3": "Dunda", "billToState": "Chhattisgarh", "billToCity": "Raipur", "billToPostalCode": "492001", "billToPhone": "07314995740", "billToEmail": "info@tiarainfrastructure.com", "billToPanNo": "AACCT6902D", "billToGSTIN": "22AACCT6902D1ZU", "shipToName": "Tiara Infrastructure Limited", "shipToAddrsLine1": "W-52/R/348", "shipToAddrsLine2": "Behind Durga Temple", "shipToAddrsLine3": "Dunda", "shipToState": "Chhattisgarh", "shipToCity": "Raipur", "shipToPostalCode": "492001", "shipToPhone": "07314995740", "shipToEmail": "info@tiarainfrastructure.com", "shipToPanNo": "AACCT6902D", "shipToGSTIN": "22AACCT6902D1ZU", "transportMode": "Road", "transporterCode": "", "transporterName": "", "vehicleRegNo": "CG04JE0417", "lrOrRrNo": "", "lrOrRrDate": null, "ewayBillNo": "", "ewayBillDatetime": null, "placeOfSupply": "Raipur", "perticulars": "", "paymentTerms": "Advance", "ticketNo": "331", "reverseTax": false, "invoiceAmount": 13771.16, "invoiceAmountWithTax": 16249.96, "paid": false, "cancelled": false, "cancelReason": "", "createdOn": "2021-08-03T18:16:19.334Z", "createdBy": "esarconcrete@gmail.com"}}, {"model": "sales.invoice", "pk": 5, "fields": {"invoiceId": "ESR/2021/00198", "soNumber": "ESO2021080001", "poNumber": "104/RAIPUR/21", "deliveryDate": "2021-08-03", "customerId": "ECUS2021070002", "orgName": "ESAR Concrete", "orgAddrsLine1": "Raipur RMX Plant", "orgAddrsLine2": "Khasra No-504,", "orgAddrsLine3": "Village - Serikhedi", "orgEmail": "esarconcrete@gmail.com", "orgPhone": "+919131828800", "orgFax": "", "orgCity": "Raipur", "orgPostalCode": "492101", "orgState": "Chhattisgarh", "orgGSTIN": "22AAIFE3761A1Z0", "orgLogo": "http://localhost:8000/media/logo/esar_7UHTo3v.jpeg", "orgPanNo": "1020304050", "billToName": "Tiara Infrastructure Limited", "billToAddrsLine1": "W-52/R/348", "billToAddrsLine2": "Behind Durga Temple", "billToAddrsLine3": "Dunda", "billToState": "Chhattisgarh", "billToCity": "Raipur", "billToPostalCode": "492001", "billToPhone": "07314995740", "billToEmail": "info@tiarainfrastructure.com", "billToPanNo": "AACCT6902D", "billToGSTIN": "22AACCT6902D1ZU", "shipToName": "Tiara Infrastructure Limited", "shipToAddrsLine1": "W-52/R/348", "shipToAddrsLine2": "Behind Durga Temple", "shipToAddrsLine3": "Dunda", "shipToState": "Chhattisgarh", "shipToCity": "Raipur", "shipToPostalCode": "492001", "shipToPhone": "07314995740", "shipToEmail": "info@tiarainfrastructure.com", "shipToPanNo": "AACCT6902D", "shipToGSTIN": "22AACCT6902D1ZU", "transportMode": "Road", "transporterCode": "", "transporterName": "", "vehicleRegNo": "CG07CA2762", "lrOrRrNo": "", "lrOrRrDate": null, "ewayBillNo": "", "ewayBillDatetime": null, "placeOfSupply": "Raipur", "perticulars": "", "paymentTerms": "Advance", "ticketNo": "332", "reverseTax": false, "invoiceAmount": 13771.16, "invoiceAmountWithTax": 16249.96, "paid": false, "cancelled": false, "cancelReason": "", "createdOn": "2021-08-03T18:23:58.701Z", "createdBy": "esarconcrete@gmail.com"}}, {"model": "sales.invoice", "pk": 6, "fields": {"invoiceId": "ESR/2021/00199", "soNumber": "ESO2021080001", "poNumber": "104/RAIPUR/21", "deliveryDate": "2021-08-03", "customerId": "ECUS2021070002", "orgName": "ESAR Concrete", "orgAddrsLine1": "Raipur RMX Plant", "orgAddrsLine2": "Khasra No-504,", "orgAddrsLine3": "Village - Serikhedi", "orgEmail": "esarconcrete@gmail.com", "orgPhone": "+919131828800", "orgFax": "", "orgCity": "Raipur", "orgPostalCode": "492101", "orgState": "Chhattisgarh", "orgGSTIN": "22AAIFE3761A1Z0", "orgLogo": "http://localhost:8000/media/logo/esar_7UHTo3v.jpeg", "orgPanNo": "1020304050", "billToName": "Tiara Infrastructure Limited", "billToAddrsLine1": "W-52/R/348", "billToAddrsLine2": "Behind Durga Temple", "billToAddrsLine3": "Dunda", "billToState": "Chhattisgarh", "billToCity": "Raipur", "billToPostalCode": "492001", "billToPhone": "07314995740", "billToEmail": "info@tiarainfrastructure.com", "billToPanNo": "AACCT6902D", "billToGSTIN": "22AACCT6902D1ZU", "shipToName": "Tiara Infrastructure Limited", "shipToAddrsLine1": "W-52/R/348", "shipToAddrsLine2": "Behind Durga Temple", "shipToAddrsLine3": "Dunda", "shipToState": "Chhattisgarh", "shipToCity": "Raipur", "shipToPostalCode": "492001", "shipToPhone": "07314995740", "shipToEmail": "info@tiarainfrastructure.com", "shipToPanNo": "AACCT6902D", "shipToGSTIN": "22AACCT6902D1ZU", "transportMode": "Road", "transporterCode": "", "transporterName": "", "vehicleRegNo": "CG04JD9685", "lrOrRrNo": "", "lrOrRrDate": null, "ewayBillNo": "", "ewayBillDatetime": null, "placeOfSupply": "Raipur", "perticulars": "", "paymentTerms": "Advance", "ticketNo": "333", "reverseTax": false, "invoiceAmount": 13771.16, "invoiceAmountWithTax": 16249.96, "paid": false, "cancelled": false, "cancelReason": "", "createdOn": "2021-08-03T18:25:03Z", "createdBy": "esarconcrete@gmail.com"}}, {"model": "sales.invoice", "pk": 7, "fields": {"invoiceId": "ESR/2021/00200", "soNumber": "ESO2021080001", "poNumber": "104/RAIPUR/21", "deliveryDate": "2021-08-03", "customerId": "ECUS2021070002", "orgName": "ESAR Concrete", "orgAddrsLine1": "Raipur RMX Plant", "orgAddrsLine2": "Khasra No-504,", "orgAddrsLine3": "Village - Serikhedi", "orgEmail": "esarconcrete@gmail.com", "orgPhone": "+919131828800", "orgFax": "", "orgCity": "Raipur", "orgPostalCode": "492101", "orgState": "Chhattisgarh", "orgGSTIN": "22AAIFE3761A1Z0", "orgLogo": "http://localhost:8000/media/logo/esar_7UHTo3v.jpeg", "orgPanNo": "1020304050", "billToName": "Tiara Infrastructure Limited", "billToAddrsLine1": "W-52/R/348", "billToAddrsLine2": "Behind Durga Temple", "billToAddrsLine3": "Dunda", "billToState": "Chhattisgarh", "billToCity": "Raipur", "billToPostalCode": "492001", "billToPhone": "07314995740", "billToEmail": "info@tiarainfrastructure.com", "billToPanNo": "AACCT6902D", "billToGSTIN": "22AACCT6902D1ZU", "shipToName": "Tiara Infrastructure Limited", "shipToAddrsLine1": "W-52/R/348", "shipToAddrsLine2": "Behind Durga Temple", "shipToAddrsLine3": "Dunda", "shipToState": "Chhattisgarh", "shipToCity": "Raipur", "shipToPostalCode": "492001", "shipToPhone": "07314995740", "shipToEmail": "info@tiarainfrastructure.com", "shipToPanNo": "AACCT6902D", "shipToGSTIN": "22AACCT6902D1ZU", "transportMode": "Road", "transporterCode": "", "transporterName": "", "vehicleRegNo": "CG04JD3866", "lrOrRrNo": "", "lrOrRrDate": null, "ewayBillNo": "", "ewayBillDatetime": null, "placeOfSupply": "Raipur", "perticulars": "", "paymentTerms": "Advance", "ticketNo": "334", "reverseTax": false, "invoiceAmount": 8474.56, "invoiceAmountWithTax": 9999.98, "paid": false, "cancelled": false, "cancelReason": "", "createdOn": "2021-08-03T18:28:50.701Z", "createdBy": "esarconcrete@gmail.com"}}, {"model": "sales.invoice", "pk": 8, "fields": {"invoiceId": "ESR/2021/00201", "soNumber": "ESO2021080002", "poNumber": "4", "deliveryDate": "2021-08-04", "customerId": "ECUS2021070001", "orgName": "ESAR Concrete", "orgAddrsLine1": "Raipur RMX Plant", "orgAddrsLine2": "Khasra No-504,", "orgAddrsLine3": "Village - Serikhedi", "orgEmail": "esarconcrete@gmail.com", "orgPhone": "+919131828800", "orgFax": "", "orgCity": "Raipur", "orgPostalCode": "492101", "orgState": "Chhattisgarh", "orgGSTIN": "22AAIFE3761A1Z0", "orgLogo": "http://localhost:8000/media/logo/esar_7UHTo3v.jpeg", "orgPanNo": "1020304050", "billToName": "Sumeet Synfab India Pvt. Ltd.", "billToAddrsLine1": "Near Hari Bhoomi Press, Pachpedinaka", "billToAddrsLine2": "", "billToAddrsLine3": "", "billToState": "Chhattisgarh", "billToCity": "Raipur", "billToPostalCode": "492001", "billToPhone": "9424104951", "billToEmail": "", "billToPanNo": "AAHCS7997Q", "billToGSTIN": "22AAHCS7997Q1ZA", "shipToName": "Sumeet Synfab India Pvt. Ltd.", "shipToAddrsLine1": "Near Hari Bhoomi Press, Pachpedinaka", "shipToAddrsLine2": "", "shipToAddrsLine3": "", "shipToState": "Chhattisgarh", "shipToCity": "Raipur", "shipToPostalCode": "492001", "shipToPhone": "8770700300", "shipToEmail": "", "shipToPanNo": "AAHCS7997Q", "shipToGSTIN": "22AAHCS7997Q1ZA", "transportMode": "Road", "transporterCode": "", "transporterName": "", "vehicleRegNo": "CG04JD9685", "lrOrRrNo": "", "lrOrRrDate": null, "ewayBillNo": "", "ewayBillDatetime": null, "placeOfSupply": "Raipur", "perticulars": "", "paymentTerms": "Advance", "ticketNo": "336", "reverseTax": false, "invoiceAmount": 15616.51, "invoiceAmountWithTax": 18427.49, "paid": false, "cancelled": false, "cancelReason": "", "createdOn": "2021-08-04T05:55:50Z", "createdBy": "esarconcrete@gmail.com"}}, {"model": "sales.invoice", "pk": 9, "fields": {"invoiceId": "ESR/2021/00202", "soNumber": "ESO2021080002", "poNumber": "4", "deliveryDate": "2021-08-04", "customerId": "ECUS2021070001", "orgName": "ESAR Concrete", "orgAddrsLine1": "Raipur RMX Plant", "orgAddrsLine2": "Khasra No-504,", "orgAddrsLine3": "Village - Serikhedi", "orgEmail": "esarconcrete@gmail.com", "orgPhone": "+919131828800", "orgFax": "", "orgCity": "Raipur", "orgPostalCode": "492101", "orgState": "Chhattisgarh", "orgGSTIN": "22AAIFE3761A1Z0", "orgLogo": "http://localhost:8000/media/logo/esar_7UHTo3v.jpeg", "orgPanNo": "1020304050", "billToName": "Sumeet Synfab India Pvt. Ltd.", "billToAddrsLine1": "Near Hari Bhoomi Press, Pachpedinaka", "billToAddrsLine2": "", "billToAddrsLine3": "", "billToState": "Chhattisgarh", "billToCity": "Raipur", "billToPostalCode": "492001", "billToPhone": "9424104951", "billToEmail": "", "billToPanNo": "AAHCS7997Q", "billToGSTIN": "22AAHCS7997Q1ZA", "shipToName": "Sumeet Synfab India Pvt. Ltd.", "shipToAddrsLine1": "Near Hari Bhoomi Press, Pachpedinaka", "shipToAddrsLine2": "", "shipToAddrsLine3": "", "shipToState": "Chhattisgarh", "shipToCity": "Raipur", "shipToPostalCode": "492001", "shipToPhone": "8770700300", "shipToEmail": "", "shipToPanNo": "AAHCS7997Q", "shipToGSTIN": "22AAHCS7997Q1ZA", "transportMode": "Road", "transporterCode": "", "transporterName": "", "vehicleRegNo": "CG04JE0417", "lrOrRrNo": "", "lrOrRrDate": null, "ewayBillNo": "", "ewayBillDatetime": null, "placeOfSupply": "Raipur", "perticulars": "", "paymentTerms": "Advance", "ticketNo": "337", "reverseTax": false, "invoiceAmount": 15616.51, "invoiceAmountWithTax": 18427.49, "paid": false, "cancelled": false, "cancelReason": "", "createdOn": "2021-08-04T05:56:18Z", "createdBy": "esarconcrete@gmail.com"}}, {"model": "sales.invoice", "pk": 11, "fields": {"invoiceId": "ESR/2021/00203", "soNumber": "ESO2021080002", "poNumber": "4", "deliveryDate": "2021-08-04", "customerId": "ECUS2021070001", "orgName": "ESAR Concrete", "orgAddrsLine1": "Raipur RMX Plant", "orgAddrsLine2": "Khasra No-504,", "orgAddrsLine3": "Village - Serikhedi", "orgEmail": "esarconcrete@gmail.com", "orgPhone": "+919131828800", "orgFax": "", "orgCity": "Raipur", "orgPostalCode": "492101", "orgState": "Chhattisgarh", "orgGSTIN": "22AAIFE3761A1Z0", "orgLogo": "http://localhost:8000/media/logo/esar_7UHTo3v.jpeg", "orgPanNo": "1020304050", "billToName": "Sumeet Synfab India Pvt. Ltd.", "billToAddrsLine1": "Near Hari Bhoomi Press, Pachpedinaka", "billToAddrsLine2": "", "billToAddrsLine3": "", "billToState": "Chhattisgarh", "billToCity": "Raipur", "billToPostalCode": "492001", "billToPhone": "9424104951", "billToEmail": "", "billToPanNo": "AAHCS7997Q", "billToGSTIN": "22AAHCS7997Q1ZA", "shipToName": "Sumeet Synfab India Pvt. Ltd.", "shipToAddrsLine1": "Near Hari Bhoomi Press, Pachpedinaka", "shipToAddrsLine2": "", "shipToAddrsLine3": "", "shipToState": "Chhattisgarh", "shipToCity": "Raipur", "shipToPostalCode": "492001", "shipToPhone": "8770700300", "shipToEmail": "", "shipToPanNo": "AAHCS7997Q", "shipToGSTIN": "22AAHCS7997Q1ZA", "transportMode": "Road", "transporterCode": "", "transporterName": "", "vehicleRegNo": "CG04JD3866", "lrOrRrNo": "", "lrOrRrDate": null, "ewayBillNo": "", "ewayBillDatetime": null, "placeOfSupply": "Raipur", "perticulars": "", "paymentTerms": "Advance", "ticketNo": "338", "reverseTax": false, "invoiceAmount": 15616.51, "invoiceAmountWithTax": 18427.49, "paid": false, "cancelled": false, "cancelReason": "", "createdOn": "2021-08-04T06:55:32Z", "createdBy": "esarconcrete@gmail.com"}}, {"model": "sales.invoice", "pk": 12, "fields": {"invoiceId": "ESR/2021/00204", "soNumber": "ESO2021080003", "poNumber": "5", "deliveryDate": "2021-08-04", "customerId": "ECUS2021070001", "orgName": "ESAR Concrete", "orgAddrsLine1": "Raipur RMX Plant", "orgAddrsLine2": "Khasra No-504,", "orgAddrsLine3": "Village - Serikhedi", "orgEmail": "esarconcrete@gmail.com", "orgPhone": "+919131828800", "orgFax": "", "orgCity": "Raipur", "orgPostalCode": "492101", "orgState": "Chhattisgarh", "orgGSTIN": "22AAIFE3761A1Z0", "orgLogo": "http://localhost:8000/media/logo/esar_7UHTo3v.jpeg", "orgPanNo": "1020304050", "billToName": "Sumeet Synfab India Pvt. Ltd.", "billToAddrsLine1": "Near Hari Bhoomi Press, Pachpedinaka", "billToAddrsLine2": "", "billToAddrsLine3": "", "billToState": "Chhattisgarh", "billToCity": "Raipur", "billToPostalCode": "492001", "billToPhone": "9424104951", "billToEmail": "", "billToPanNo": "AAHCS7997Q", "billToGSTIN": "22AAHCS7997Q1ZA", "shipToName": "Sumeet Synfab India Pvt. Ltd.", "shipToAddrsLine1": "Near Hari Bhoomi Press, Pachpedinaka", "shipToAddrsLine2": "", "shipToAddrsLine3": "", "shipToState": "Chhattisgarh", "shipToCity": "Raipur", "shipToPostalCode": "492001", "shipToPhone": "8770700300", "shipToEmail": "", "shipToPanNo": "AAHCS7997Q", "shipToGSTIN": "22AAHCS7997Q1ZA", "transportMode": "Road", "transporterCode": "", "transporterName": "", "vehicleRegNo": "CG07CA2762", "lrOrRrNo": "", "lrOrRrDate": null, "ewayBillNo": "", "ewayBillDatetime": null, "placeOfSupply": "Raipur", "perticulars": "", "paymentTerms": "Advance", "ticketNo": "339", "reverseTax": false, "invoiceAmount": 16431.74, "invoiceAmountWithTax": 19389.46, "paid": false, "cancelled": false, "cancelReason": "", "createdOn": "2021-08-04T07:00:32Z", "createdBy": "esarconcrete@gmail.com"}}, {"model": "sales.invoice", "pk": 13, "fields": {"invoiceId": "ESR/2021/00205", "soNumber": "ESO2021080002", "poNumber": "4", "deliveryDate": "2021-08-04", "customerId": "ECUS2021070001", "orgName": "ESAR Concrete", "orgAddrsLine1": "Raipur RMX Plant", "orgAddrsLine2": "Khasra No-504,", "orgAddrsLine3": "Village - Serikhedi", "orgEmail": "esarconcrete@gmail.com", "orgPhone": "+919131828800", "orgFax": "", "orgCity": "Raipur", "orgPostalCode": "492101", "orgState": "Chhattisgarh", "orgGSTIN": "22AAIFE3761A1Z0", "orgLogo": "http://localhost:8000/media/logo/esar_7UHTo3v.jpeg", "orgPanNo": "1020304050", "billToName": "Sumeet Synfab India Pvt. Ltd.", "billToAddrsLine1": "Near Hari Bhoomi Press, Pachpedinaka", "billToAddrsLine2": "", "billToAddrsLine3": "", "billToState": "Chhattisgarh", "billToCity": "Raipur", "billToPostalCode": "492001", "billToPhone": "9424104951", "billToEmail": "", "billToPanNo": "AAHCS7997Q", "billToGSTIN": "22AAHCS7997Q1ZA", "shipToName": "Sumeet Synfab India Pvt. Ltd.", "shipToAddrsLine1": "Near Hari Bhoomi Press, Pachpedinaka", "shipToAddrsLine2": "", "shipToAddrsLine3": "", "shipToState": "Chhattisgarh", "shipToCity": "Raipur", "shipToPostalCode": "492001", "shipToPhone": "8770700300", "shipToEmail": "", "shipToPanNo": "AAHCS7997Q", "shipToGSTIN": "22AAHCS7997Q1ZA", "transportMode": "Road", "transporterCode": "", "transporterName": "", "vehicleRegNo": "CG04JD9685", "lrOrRrNo": "", "lrOrRrDate": null, "ewayBillNo": "", "ewayBillDatetime": null, "placeOfSupply": "Raipur", "perticulars": "", "paymentTerms": "Advance", "ticketNo": "340", "reverseTax": false, "invoiceAmount": 15616.51, "invoiceAmountWithTax": 18427.49, "paid": false, "cancelled": false, "cancelReason": "", "createdOn": "2021-08-04T08:53:05.089Z", "createdBy": "esarconcrete@gmail.com"}}, {"model": "sales.invoice", "pk": 14, "fields": {"invoiceId": "ESR/2021/00206", "soNumber": "ESO2021080002", "poNumber": "4", "deliveryDate": "2021-08-04", "customerId": "ECUS2021070001", "orgName": "ESAR Concrete", "orgAddrsLine1": "Raipur RMX Plant", "orgAddrsLine2": "Khasra No-504,", "orgAddrsLine3": "Village - Serikhedi", "orgEmail": "esarconcrete@gmail.com", "orgPhone": "+919131828800", "orgFax": "", "orgCity": "Raipur", "orgPostalCode": "492101", "orgState": "Chhattisgarh", "orgGSTIN": "22AAIFE3761A1Z0", "orgLogo": "http://localhost:8000/media/logo/esar_7UHTo3v.jpeg", "orgPanNo": "1020304050", "billToName": "Sumeet Synfab India Pvt. Ltd.", "billToAddrsLine1": "Near Hari Bhoomi Press, Pachpedinaka", "billToAddrsLine2": "", "billToAddrsLine3": "", "billToState": "Chhattisgarh", "billToCity": "Raipur", "billToPostalCode": "492001", "billToPhone": "9424104951", "billToEmail": "", "billToPanNo": "AAHCS7997Q", "billToGSTIN": "22AAHCS7997Q1ZA", "shipToName": "Sumeet Synfab India Pvt. Ltd.", "shipToAddrsLine1": "Near Hari Bhoomi Press, Pachpedinaka", "shipToAddrsLine2": "", "shipToAddrsLine3": "", "shipToState": "Chhattisgarh", "shipToCity": "Raipur", "shipToPostalCode": "492001", "shipToPhone": "8770700300", "shipToEmail": "", "shipToPanNo": "AAHCS7997Q", "shipToGSTIN": "22AAHCS7997Q1ZA", "transportMode": "Road", "transporterCode": "", "transporterName": "", "vehicleRegNo": "CG04JE0417", "lrOrRrNo": "", "lrOrRrDate": null, "ewayBillNo": "", "ewayBillDatetime": null, "placeOfSupply": "Raipur", "perticulars": "", "paymentTerms": "Advance", "ticketNo": "341", "reverseTax": false, "invoiceAmount": 15616.51, "invoiceAmountWithTax": 18427.49, "paid": false, "cancelled": false, "cancelReason": "", "createdOn": "2021-08-04T09:30:52.089Z", "createdBy": "esarconcrete@gmail.com"}}, {"model": "sales.invoice", "pk": 15, "fields": {"invoiceId": "ESR/2021/00207", "soNumber": "ESO2021080002", "poNumber": "4", "deliveryDate": "2021-08-04", "customerId": "ECUS2021070001", "orgName": "ESAR Concrete", "orgAddrsLine1": "Raipur RMX Plant", "orgAddrsLine2": "Khasra No-504,", "orgAddrsLine3": "Village - Serikhedi", "orgEmail": "esarconcrete@gmail.com", "orgPhone": "+919131828800", "orgFax": "", "orgCity": "Raipur", "orgPostalCode": "492101", "orgState": "Chhattisgarh", "orgGSTIN": "22AAIFE3761A1Z0", "orgLogo": "http://localhost:8000/media/logo/esar_7UHTo3v.jpeg", "orgPanNo": "1020304050", "billToName": "Sumeet Synfab India Pvt. Ltd.", "billToAddrsLine1": "Near Hari Bhoomi Press, Pachpedinaka", "billToAddrsLine2": "", "billToAddrsLine3": "", "billToState": "Chhattisgarh", "billToCity": "Raipur", "billToPostalCode": "492001", "billToPhone": "9424104951", "billToEmail": "", "billToPanNo": "AAHCS7997Q", "billToGSTIN": "22AAHCS7997Q1ZA", "shipToName": "Sumeet Synfab India Pvt. Ltd.", "shipToAddrsLine1": "Near Hari Bhoomi Press, Pachpedinaka", "shipToAddrsLine2": "", "shipToAddrsLine3": "", "shipToState": "Chhattisgarh", "shipToCity": "Raipur", "shipToPostalCode": "492001", "shipToPhone": "8770700300", "shipToEmail": "", "shipToPanNo": "AAHCS7997Q", "shipToGSTIN": "22AAHCS7997Q1ZA", "transportMode": "Road", "transporterCode": "", "transporterName": "", "vehicleRegNo": "CG04JD3866", "lrOrRrNo": "", "lrOrRrDate": null, "ewayBillNo": "", "ewayBillDatetime": null, "placeOfSupply": "Raipur", "perticulars": "", "paymentTerms": "Advance", "ticketNo": "342", "reverseTax": false, "invoiceAmount": 15616.51, "invoiceAmountWithTax": 18427.49, "paid": false, "cancelled": false, "cancelReason": "", "createdOn": "2021-08-04T09:58:07.194Z", "createdBy": "esarconcrete@gmail.com"}}, {"model": "sales.invoice", "pk": 16, "fields": {"invoiceId": "ESR/2021/00208", "soNumber": "ESO2021080002", "poNumber": "4", "deliveryDate": "2021-08-04", "customerId": "ECUS2021070001", "orgName": "ESAR Concrete", "orgAddrsLine1": "Raipur RMX Plant", "orgAddrsLine2": "Khasra No-504,", "orgAddrsLine3": "Village - Serikhedi", "orgEmail": "esarconcrete@gmail.com", "orgPhone": "+919131828800", "orgFax": "", "orgCity": "Raipur", "orgPostalCode": "492101", "orgState": "Chhattisgarh", "orgGSTIN": "22AAIFE3761A1Z0", "orgLogo": "http://localhost:8000/media/logo/esar_7UHTo3v.jpeg", "orgPanNo": "1020304050", "billToName": "Sumeet Synfab India Pvt. Ltd.", "billToAddrsLine1": "Near Hari Bhoomi Press, Pachpedinaka", "billToAddrsLine2": "", "billToAddrsLine3": "", "billToState": "Chhattisgarh", "billToCity": "Raipur", "billToPostalCode": "492001", "billToPhone": "9424104951", "billToEmail": "", "billToPanNo": "AAHCS7997Q", "billToGSTIN": "22AAHCS7997Q1ZA", "shipToName": "Sumeet Synfab India Pvt. Ltd.", "shipToAddrsLine1": "Near Hari Bhoomi Press, Pachpedinaka", "shipToAddrsLine2": "", "shipToAddrsLine3": "", "shipToState": "Chhattisgarh", "shipToCity": "Raipur", "shipToPostalCode": "492001", "shipToPhone": "8770700300", "shipToEmail": "", "shipToPanNo": "AAHCS7997Q", "shipToGSTIN": "22AAHCS7997Q1ZA", "transportMode": "Road", "transporterCode": "", "transporterName": "", "vehicleRegNo": "CG04CA2762", "lrOrRrNo": "", "lrOrRrDate": null, "ewayBillNo": "", "ewayBillDatetime": null, "placeOfSupply": "Raipur", "perticulars": "", "paymentTerms": "Advance", "ticketNo": "343", "reverseTax": false, "invoiceAmount": 15616.51, "invoiceAmountWithTax": 18427.49, "paid": false, "cancelled": false, "cancelReason": "", "createdOn": "2021-08-04T11:24:06.161Z", "createdBy": "esarconcrete@gmail.com"}}, {"model": "sales.invoice", "pk": 17, "fields": {"invoiceId": "ESR/2021/00209", "soNumber": "ESO2021080002", "poNumber": "4", "deliveryDate": "2021-08-04", "customerId": "ECUS2021070001", "orgName": "ESAR Concrete", "orgAddrsLine1": "Raipur RMX Plant", "orgAddrsLine2": "Khasra No-504,", "orgAddrsLine3": "Village - Serikhedi", "orgEmail": "esarconcrete@gmail.com", "orgPhone": "+919131828800", "orgFax": "", "orgCity": "Raipur", "orgPostalCode": "492101", "orgState": "Chhattisgarh", "orgGSTIN": "22AAIFE3761A1Z0", "orgLogo": "http://localhost:8000/media/logo/esar_7UHTo3v.jpeg", "orgPanNo": "1020304050", "billToName": "Sumeet Synfab India Pvt. Ltd.", "billToAddrsLine1": "Near Hari Bhoomi Press, Pachpedinaka", "billToAddrsLine2": "", "billToAddrsLine3": "", "billToState": "Chhattisgarh", "billToCity": "Raipur", "billToPostalCode": "492001", "billToPhone": "9424104951", "billToEmail": "", "billToPanNo": "AAHCS7997Q", "billToGSTIN": "22AAHCS7997Q1ZA", "shipToName": "Sumeet Synfab India Pvt. Ltd.", "shipToAddrsLine1": "Near Hari Bhoomi Press, Pachpedinaka", "shipToAddrsLine2": "", "shipToAddrsLine3": "", "shipToState": "Chhattisgarh", "shipToCity": "Raipur", "shipToPostalCode": "492001", "shipToPhone": "8770700300", "shipToEmail": "", "shipToPanNo": "AAHCS7997Q", "shipToGSTIN": "22AAHCS7997Q1ZA", "transportMode": "Road", "transporterCode": "", "transporterName": "", "vehicleRegNo": "CG04JD9685", "lrOrRrNo": "", "lrOrRrDate": null, "ewayBillNo": "", "ewayBillDatetime": null, "placeOfSupply": "Raipur", "perticulars": "", "paymentTerms": "Advance", "ticketNo": "344", "reverseTax": false, "invoiceAmount": 15616.51, "invoiceAmountWithTax": 18427.49, "paid": false, "cancelled": false, "cancelReason": "", "createdOn": "2021-08-04T12:08:34.337Z", "createdBy": "esarconcrete@gmail.com"}}, {"model": "sales.invoice", "pk": 18, "fields": {"invoiceId": "ESR/2021/00210", "soNumber": "ESO2021080002", "poNumber": "4", "deliveryDate": "2021-08-04", "customerId": "ECUS2021070001", "orgName": "ESAR Concrete", "orgAddrsLine1": "Raipur RMX Plant", "orgAddrsLine2": "Khasra No-504,", "orgAddrsLine3": "Village - Serikhedi", "orgEmail": "esarconcrete@gmail.com", "orgPhone": "+919131828800", "orgFax": "", "orgCity": "Raipur", "orgPostalCode": "492101", "orgState": "Chhattisgarh", "orgGSTIN": "22AAIFE3761A1Z0", "orgLogo": "http://localhost:8000/media/logo/esar_7UHTo3v.jpeg", "orgPanNo": "1020304050", "billToName": "Sumeet Synfab India Pvt. Ltd.", "billToAddrsLine1": "Near Hari Bhoomi Press, Pachpedinaka", "billToAddrsLine2": "", "billToAddrsLine3": "", "billToState": "Chhattisgarh", "billToCity": "Raipur", "billToPostalCode": "492001", "billToPhone": "9424104951", "billToEmail": "", "billToPanNo": "AAHCS7997Q", "billToGSTIN": "22AAHCS7997Q1ZA", "shipToName": "Sumeet Synfab India Pvt. Ltd.", "shipToAddrsLine1": "Near Hari Bhoomi Press, Pachpedinaka", "shipToAddrsLine2": "", "shipToAddrsLine3": "", "shipToState": "Chhattisgarh", "shipToCity": "Raipur", "shipToPostalCode": "492001", "shipToPhone": "8770700300", "shipToEmail": "", "shipToPanNo": "AAHCS7997Q", "shipToGSTIN": "22AAHCS7997Q1ZA", "transportMode": "Road", "transporterCode": "", "transporterName": "", "vehicleRegNo": "CG04JE0417", "lrOrRrNo": "", "lrOrRrDate": null, "ewayBillNo": "", "ewayBillDatetime": null, "placeOfSupply": "Raipur", "perticulars": "", "paymentTerms": "Advance", "ticketNo": "345", "reverseTax": false, "invoiceAmount": 15616.51, "invoiceAmountWithTax": 18427.49, "paid": false, "cancelled": false, "cancelReason": "", "createdOn": "2021-08-04T12:23:28.145Z", "createdBy": "esarconcrete@gmail.com"}}, {"model": "sales.invoice", "pk": 19, "fields": {"invoiceId": "ESR/2021/00211", "soNumber": "ESO2021080002", "poNumber": "4", "deliveryDate": "2021-08-04", "customerId": "ECUS2021070001", "orgName": "ESAR Concrete", "orgAddrsLine1": "Raipur RMX Plant", "orgAddrsLine2": "Khasra No-504,", "orgAddrsLine3": "Village - Serikhedi", "orgEmail": "esarconcrete@gmail.com", "orgPhone": "+919131828800", "orgFax": "", "orgCity": "Raipur", "orgPostalCode": "492101", "orgState": "Chhattisgarh", "orgGSTIN": "22AAIFE3761A1Z0", "orgLogo": "http://localhost:8000/media/logo/esar_7UHTo3v.jpeg", "orgPanNo": "1020304050", "billToName": "Sumeet Synfab India Pvt. Ltd.", "billToAddrsLine1": "Near Hari Bhoomi Press, Pachpedinaka", "billToAddrsLine2": "", "billToAddrsLine3": "", "billToState": "Chhattisgarh", "billToCity": "Raipur", "billToPostalCode": "492001", "billToPhone": "9424104951", "billToEmail": "", "billToPanNo": "AAHCS7997Q", "billToGSTIN": "22AAHCS7997Q1ZA", "shipToName": "Sumeet Synfab India Pvt. Ltd.", "shipToAddrsLine1": "Near Hari Bhoomi Press, Pachpedinaka", "shipToAddrsLine2": "", "shipToAddrsLine3": "", "shipToState": "Chhattisgarh", "shipToCity": "Raipur", "shipToPostalCode": "492001", "shipToPhone": "8770700300", "shipToEmail": "", "shipToPanNo": "AAHCS7997Q", "shipToGSTIN": "22AAHCS7997Q1ZA", "transportMode": "Road", "transporterCode": "", "transporterName": "", "vehicleRegNo": "CG04JD3866", "lrOrRrNo": "", "lrOrRrDate": null, "ewayBillNo": "", "ewayBillDatetime": null, "placeOfSupply": "Raipur", "perticulars": "", "paymentTerms": "Advance", "ticketNo": "346", "reverseTax": false, "invoiceAmount": 15616.51, "invoiceAmountWithTax": 18427.49, "paid": false, "cancelled": false, "cancelReason": "", "createdOn": "2021-08-04T13:23:20.712Z", "createdBy": "esarconcrete@gmail.com"}}, {"model": "sales.invoice", "pk": 20, "fields": {"invoiceId": "ESR/2021/00212", "soNumber": "ESO2021080002", "poNumber": "4", "deliveryDate": "2021-08-04", "customerId": "ECUS2021070001", "orgName": "ESAR Concrete", "orgAddrsLine1": "Raipur RMX Plant", "orgAddrsLine2": "Khasra No-504,", "orgAddrsLine3": "Village - Serikhedi", "orgEmail": "esarconcrete@gmail.com", "orgPhone": "+919131828800", "orgFax": "", "orgCity": "Raipur", "orgPostalCode": "492101", "orgState": "Chhattisgarh", "orgGSTIN": "22AAIFE3761A1Z0", "orgLogo": "http://localhost:8000/media/logo/esar_7UHTo3v.jpeg", "orgPanNo": "1020304050", "billToName": "Sumeet Synfab India Pvt. Ltd.", "billToAddrsLine1": "Near Hari Bhoomi Press, Pachpedinaka", "billToAddrsLine2": "", "billToAddrsLine3": "", "billToState": "Chhattisgarh", "billToCity": "Raipur", "billToPostalCode": "492001", "billToPhone": "9424104951", "billToEmail": "", "billToPanNo": "AAHCS7997Q", "billToGSTIN": "22AAHCS7997Q1ZA", "shipToName": "Sumeet Synfab India Pvt. Ltd.", "shipToAddrsLine1": "Near Hari Bhoomi Press, Pachpedinaka", "shipToAddrsLine2": "", "shipToAddrsLine3": "", "shipToState": "Chhattisgarh", "shipToCity": "Raipur", "shipToPostalCode": "492001", "shipToPhone": "8770700300", "shipToEmail": "", "shipToPanNo": "AAHCS7997Q", "shipToGSTIN": "22AAHCS7997Q1ZA", "transportMode": "Road", "transporterCode": "", "transporterName": "", "vehicleRegNo": "CG04CA2762", "lrOrRrNo": "", "lrOrRrDate": null, "ewayBillNo": "", "ewayBillDatetime": null, "placeOfSupply": "Raipur", "perticulars": "", "paymentTerms": "Advance", "ticketNo": "347", "reverseTax": false, "invoiceAmount": 15616.51, "invoiceAmountWithTax": 18427.49, "paid": false, "cancelled": false, "cancelReason": "", "createdOn": "2021-08-04T13:37:07.249Z", "createdBy": "esarconcrete@gmail.com"}}, {"model": "sales.invoice", "pk": 21, "fields": {"invoiceId": "ESR/2021/00213", "soNumber": "ESO2021080002", "poNumber": "4", "deliveryDate": "2021-08-04", "customerId": "ECUS2021070001", "orgName": "ESAR Concrete", "orgAddrsLine1": "Raipur RMX Plant", "orgAddrsLine2": "Khasra No-504,", "orgAddrsLine3": "Village - Serikhedi", "orgEmail": "esarconcrete@gmail.com", "orgPhone": "+919131828800", "orgFax": "", "orgCity": "Raipur", "orgPostalCode": "492101", "orgState": "Chhattisgarh", "orgGSTIN": "22AAIFE3761A1Z0", "orgLogo": "http://localhost:8000/media/logo/esar_7UHTo3v.jpeg", "orgPanNo": "1020304050", "billToName": "Sumeet Synfab India Pvt. Ltd.", "billToAddrsLine1": "Near Hari Bhoomi Press, Pachpedinaka", "billToAddrsLine2": "", "billToAddrsLine3": "", "billToState": "Chhattisgarh", "billToCity": "Raipur", "billToPostalCode": "492001", "billToPhone": "9424104951", "billToEmail": "", "billToPanNo": "AAHCS7997Q", "billToGSTIN": "22AAHCS7997Q1ZA", "shipToName": "Sumeet Synfab India Pvt. Ltd.", "shipToAddrsLine1": "Near Hari Bhoomi Press, Pachpedinaka", "shipToAddrsLine2": "", "shipToAddrsLine3": "", "shipToState": "Chhattisgarh", "shipToCity": "Raipur", "shipToPostalCode": "492001", "shipToPhone": "8770700300", "shipToEmail": "", "shipToPanNo": "AAHCS7997Q", "shipToGSTIN": "22AAHCS7997Q1ZA", "transportMode": "Road", "transporterCode": "", "transporterName": "", "vehicleRegNo": "CG04JD9685", "lrOrRrNo": "", "lrOrRrDate": null, "ewayBillNo": "", "ewayBillDatetime": null, "placeOfSupply": "Raipur", "perticulars": "", "paymentTerms": "Advance", "ticketNo": "348", "reverseTax": false, "invoiceAmount": 15616.51, "invoiceAmountWithTax": 18427.49, "paid": false, "cancelled": false, "cancelReason": "", "createdOn": "2021-08-04T14:13:31.856Z", "createdBy": "esarconcrete@gmail.com"}}, {"model": "sales.invoice", "pk": 22, "fields": {"invoiceId": "ESR/2021/00214", "soNumber": "ESO2021080002", "poNumber": "4", "deliveryDate": "2021-08-04", "customerId": "ECUS2021070001", "orgName": "ESAR Concrete", "orgAddrsLine1": "Raipur RMX Plant", "orgAddrsLine2": "Khasra No-504,", "orgAddrsLine3": "Village - Serikhedi", "orgEmail": "esarconcrete@gmail.com", "orgPhone": "+919131828800", "orgFax": "", "orgCity": "Raipur", "orgPostalCode": "492101", "orgState": "Chhattisgarh", "orgGSTIN": "22AAIFE3761A1Z0", "orgLogo": "http://localhost:8000/media/logo/esar_7UHTo3v.jpeg", "orgPanNo": "1020304050", "billToName": "Sumeet Synfab India Pvt. Ltd.", "billToAddrsLine1": "Near Hari Bhoomi Press, Pachpedinaka", "billToAddrsLine2": "", "billToAddrsLine3": "", "billToState": "Chhattisgarh", "billToCity": "Raipur", "billToPostalCode": "492001", "billToPhone": "9424104951", "billToEmail": "", "billToPanNo": "AAHCS7997Q", "billToGSTIN": "22AAHCS7997Q1ZA", "shipToName": "Sumeet Synfab India Pvt. Ltd.", "shipToAddrsLine1": "Near Hari Bhoomi Press, Pachpedinaka", "shipToAddrsLine2": "", "shipToAddrsLine3": "", "shipToState": "Chhattisgarh", "shipToCity": "Raipur", "shipToPostalCode": "492001", "shipToPhone": "8770700300", "shipToEmail": "", "shipToPanNo": "AAHCS7997Q", "shipToGSTIN": "22AAHCS7997Q1ZA", "transportMode": "Road", "transporterCode": "", "transporterName": "", "vehicleRegNo": "CG04JE0417", "lrOrRrNo": "", "lrOrRrDate": null, "ewayBillNo": "", "ewayBillDatetime": null, "placeOfSupply": "Raipur", "perticulars": "", "paymentTerms": "Advance", "ticketNo": "349", "reverseTax": false, "invoiceAmount": 15616.51, "invoiceAmountWithTax": 18427.49, "paid": false, "cancelled": false, "cancelReason": "", "createdOn": "2021-08-04T14:33:49.280Z", "createdBy": "esarconcrete@gmail.com"}}, {"model": "sales.invoice", "pk": 23, "fields": {"invoiceId": "ESR/2021/00215", "soNumber": "ESO2021080002", "poNumber": "4", "deliveryDate": "2021-08-04", "customerId": "ECUS2021070001", "orgName": "ESAR Concrete", "orgAddrsLine1": "Raipur RMX Plant", "orgAddrsLine2": "Khasra No-504,", "orgAddrsLine3": "Village - Serikhedi", "orgEmail": "esarconcrete@gmail.com", "orgPhone": "+919131828800", "orgFax": "", "orgCity": "Raipur", "orgPostalCode": "492101", "orgState": "Chhattisgarh", "orgGSTIN": "22AAIFE3761A1Z0", "orgLogo": "http://localhost:8000/media/logo/esar_7UHTo3v.jpeg", "orgPanNo": "1020304050", "billToName": "Sumeet Synfab India Pvt. Ltd.", "billToAddrsLine1": "Near Hari Bhoomi Press, Pachpedinaka", "billToAddrsLine2": "", "billToAddrsLine3": "", "billToState": "Chhattisgarh", "billToCity": "Raipur", "billToPostalCode": "492001", "billToPhone": "9424104951", "billToEmail": "", "billToPanNo": "AAHCS7997Q", "billToGSTIN": "22AAHCS7997Q1ZA", "shipToName": "Sumeet Synfab India Pvt. Ltd.", "shipToAddrsLine1": "Near Hari Bhoomi Press, Pachpedinaka", "shipToAddrsLine2": "", "shipToAddrsLine3": "", "shipToState": "Chhattisgarh", "shipToCity": "Raipur", "shipToPostalCode": "492001", "shipToPhone": "8770700300", "shipToEmail": "", "shipToPanNo": "AAHCS7997Q", "shipToGSTIN": "22AAHCS7997Q1ZA", "transportMode": "Road", "transporterCode": "", "transporterName": "", "vehicleRegNo": "CG04JD3866", "lrOrRrNo": "", "lrOrRrDate": null, "ewayBillNo": "", "ewayBillDatetime": null, "placeOfSupply": "Raipur", "perticulars": "", "paymentTerms": "Advance", "ticketNo": "350", "reverseTax": false, "invoiceAmount": 15616.51, "invoiceAmountWithTax": 18427.49, "paid": false, "cancelled": false, "cancelReason": "", "createdOn": "2021-08-04T15:10:48.888Z", "createdBy": "esarconcrete@gmail.com"}}, {"model": "sales.invoice", "pk": 24, "fields": {"invoiceId": "ESR/2021/00216", "soNumber": "ESO2021080002", "poNumber": "4", "deliveryDate": "2021-08-04", "customerId": "ECUS2021070001", "orgName": "ESAR Concrete", "orgAddrsLine1": "Raipur RMX Plant", "orgAddrsLine2": "Khasra No-504,", "orgAddrsLine3": "Village - Serikhedi", "orgEmail": "esarconcrete@gmail.com", "orgPhone": "+919131828800", "orgFax": "", "orgCity": "Raipur", "orgPostalCode": "492101", "orgState": "Chhattisgarh", "orgGSTIN": "22AAIFE3761A1Z0", "orgLogo": "http://localhost:8000/media/logo/esar_7UHTo3v.jpeg", "orgPanNo": "1020304050", "billToName": "Sumeet Synfab India Pvt. Ltd.", "billToAddrsLine1": "Near Hari Bhoomi Press, Pachpedinaka", "billToAddrsLine2": "", "billToAddrsLine3": "", "billToState": "Chhattisgarh", "billToCity": "Raipur", "billToPostalCode": "492001", "billToPhone": "9424104951", "billToEmail": "", "billToPanNo": "AAHCS7997Q", "billToGSTIN": "22AAHCS7997Q1ZA", "shipToName": "Sumeet Synfab India Pvt. Ltd.", "shipToAddrsLine1": "Near Hari Bhoomi Press, Pachpedinaka", "shipToAddrsLine2": "", "shipToAddrsLine3": "", "shipToState": "Chhattisgarh", "shipToCity": "Raipur", "shipToPostalCode": "492001", "shipToPhone": "8770700300", "shipToEmail": "", "shipToPanNo": "AAHCS7997Q", "shipToGSTIN": "22AAHCS7997Q1ZA", "transportMode": "Road", "transporterCode": "", "transporterName": "", "vehicleRegNo": "CG04CA2762", "lrOrRrNo": "", "lrOrRrDate": null, "ewayBillNo": "", "ewayBillDatetime": null, "placeOfSupply": "Raipur", "perticulars": "", "paymentTerms": "Advance", "ticketNo": "351", "reverseTax": false, "invoiceAmount": 15616.51, "invoiceAmountWithTax": 18427.49, "paid": false, "cancelled": false, "cancelReason": "", "createdOn": "2021-08-04T15:19:17.694Z", "createdBy": "esarconcrete@gmail.com"}}, {"model": "sales.invoice", "pk": 25, "fields": {"invoiceId": "ESR/2021/00217", "soNumber": "ESO2021080004", "poNumber": "4", "deliveryDate": "2021-08-04", "customerId": "ECUS2021070001", "orgName": "ESAR Concrete", "orgAddrsLine1": "Raipur RMX Plant", "orgAddrsLine2": "Khasra No-504,", "orgAddrsLine3": "Village - Serikhedi", "orgEmail": "esarconcrete@gmail.com", "orgPhone": "+919131828800", "orgFax": "", "orgCity": "Raipur", "orgPostalCode": "492101", "orgState": "Chhattisgarh", "orgGSTIN": "22AAIFE3761A1Z0", "orgLogo": "http://192.168.1.4:8000/media/logo/esar_7UHTo3v.jpeg", "orgPanNo": "1020304050", "billToName": "Sumeet Synfab India Pvt. Ltd.", "billToAddrsLine1": "Near Hari Bhoomi Press, Pachpedinaka", "billToAddrsLine2": "", "billToAddrsLine3": "", "billToState": "Chhattisgarh", "billToCity": "Raipur", "billToPostalCode": "492001", "billToPhone": "9424104951", "billToEmail": "", "billToPanNo": "AAHCS7997Q", "billToGSTIN": "22AAHCS7997Q1ZA", "shipToName": "Sumeet Synfab India Pvt. Ltd.", "shipToAddrsLine1": "Near Hari Bhoomi Press, Pachpedinaka", "shipToAddrsLine2": "", "shipToAddrsLine3": "", "shipToState": "Chhattisgarh", "shipToCity": "Raipur", "shipToPostalCode": "492001", "shipToPhone": "8770700300", "shipToEmail": "", "shipToPanNo": "AAHCS7997Q", "shipToGSTIN": "22AAHCS7997Q1ZA", "transportMode": "Road", "transporterCode": "", "transporterName": "", "vehicleRegNo": "CG04JD9685", "lrOrRrNo": "", "lrOrRrDate": null, "ewayBillNo": "", "ewayBillDatetime": null, "placeOfSupply": "Raipur", "perticulars": "", "paymentTerms": "Advance", "ticketNo": "352", "reverseTax": false, "invoiceAmount": 15616.51, "invoiceAmountWithTax": 18427.49, "paid": false, "cancelled": false, "cancelReason": "", "createdOn": "2021-08-04T17:02:15.468Z", "createdBy": "esarconcrete@gmail.com"}}, {"model": "sales.invoice", "pk": 26, "fields": {"invoiceId": "ESR/2021/00218", "soNumber": "ESO2021080007", "poNumber": "4", "deliveryDate": "2021-08-05", "customerId": "ECUS2021070001", "orgName": "ESAR Concrete", "orgAddrsLine1": "Raipur RMX Plant", "orgAddrsLine2": "Khasra No-504,", "orgAddrsLine3": "Village - Serikhedi", "orgEmail": "esarconcrete@gmail.com", "orgPhone": "+919131828800", "orgFax": "", "orgCity": "Raipur", "orgPostalCode": "492101", "orgState": "Chhattisgarh", "orgGSTIN": "22AAIFE3761A1Z0", "orgLogo": "http://192.168.1.4:8000/media/logo/esar_7UHTo3v.jpeg", "orgPanNo": "1020304050", "billToName": "Sumeet Synfab India Pvt. Ltd.", "billToAddrsLine1": "Near Hari Bhoomi Press, Pachpedinaka", "billToAddrsLine2": "", "billToAddrsLine3": "", "billToState": "Chhattisgarh", "billToCity": "Raipur", "billToPostalCode": "492001", "billToPhone": "9424104951", "billToEmail": "", "billToPanNo": "AAHCS7997Q", "billToGSTIN": "22AAHCS7997Q1ZA", "shipToName": "Sumeet Synfab India Pvt. Ltd.", "shipToAddrsLine1": "Near Hari Bhoomi Press, Pachpedinaka", "shipToAddrsLine2": "", "shipToAddrsLine3": "", "shipToState": "Chhattisgarh", "shipToCity": "Raipur", "shipToPostalCode": "492001", "shipToPhone": "8770700300", "shipToEmail": "", "shipToPanNo": "AAHCS7997Q", "shipToGSTIN": "22AAHCS7997Q1ZA", "transportMode": "Road", "transporterCode": "", "transporterName": "", "vehicleRegNo": "CG04CA2762", "lrOrRrNo": "", "lrOrRrDate": null, "ewayBillNo": "", "ewayBillDatetime": null, "placeOfSupply": "Raipur", "perticulars": "", "paymentTerms": "Advance", "ticketNo": "358", "reverseTax": false, "invoiceAmount": 15616.51, "invoiceAmountWithTax": 18427.49, "paid": false, "cancelled": false, "cancelReason": "", "createdOn": "2021-08-05T15:28:07.451Z", "createdBy": "esarconcrete@gmail.com"}}, {"model": "sales.invoice", "pk": 27, "fields": {"invoiceId": "ESR/2021/00219", "soNumber": "ESO2021080007", "poNumber": "4", "deliveryDate": "2021-08-05", "customerId": "ECUS2021070001", "orgName": "ESAR Concrete", "orgAddrsLine1": "Raipur RMX Plant", "orgAddrsLine2": "Khasra No-504,", "orgAddrsLine3": "Village - Serikhedi", "orgEmail": "esarconcrete@gmail.com", "orgPhone": "+919131828800", "orgFax": "", "orgCity": "Raipur", "orgPostalCode": "492101", "orgState": "Chhattisgarh", "orgGSTIN": "22AAIFE3761A1Z0", "orgLogo": "http://192.168.1.4:8000/media/logo/esar_7UHTo3v.jpeg", "orgPanNo": "1020304050", "billToName": "Sumeet Synfab India Pvt. Ltd.", "billToAddrsLine1": "Near Hari Bhoomi Press, Pachpedinaka", "billToAddrsLine2": "", "billToAddrsLine3": "", "billToState": "Chhattisgarh", "billToCity": "Raipur", "billToPostalCode": "492001", "billToPhone": "9424104951", "billToEmail": "", "billToPanNo": "AAHCS7997Q", "billToGSTIN": "22AAHCS7997Q1ZA", "shipToName": "Sumeet Synfab India Pvt. Ltd.", "shipToAddrsLine1": "Near Hari Bhoomi Press, Pachpedinaka", "shipToAddrsLine2": "", "shipToAddrsLine3": "", "shipToState": "Chhattisgarh", "shipToCity": "Raipur", "shipToPostalCode": "492001", "shipToPhone": "8770700300", "shipToEmail": "", "shipToPanNo": "AAHCS7997Q", "shipToGSTIN": "22AAHCS7997Q1ZA", "transportMode": "Road", "transporterCode": "", "transporterName": "", "vehicleRegNo": "CG04JD9685", "lrOrRrNo": "", "lrOrRrDate": null, "ewayBillNo": "", "ewayBillDatetime": null, "placeOfSupply": "Raipur", "perticulars": "", "paymentTerms": "Advance", "ticketNo": "359", "reverseTax": false, "invoiceAmount": 15616.51, "invoiceAmountWithTax": 18427.49, "paid": false, "cancelled": false, "cancelReason": "", "createdOn": "2021-08-05T15:28:41.887Z", "createdBy": "esarconcrete@gmail.com"}}, {"model": "sales.invoice", "pk": 28, "fields": {"invoiceId": "ESR/2021/00220", "soNumber": "ESO2021080007", "poNumber": "4", "deliveryDate": "2021-08-05", "customerId": "ECUS2021070001", "orgName": "ESAR Concrete", "orgAddrsLine1": "Raipur RMX Plant", "orgAddrsLine2": "Khasra No-504,", "orgAddrsLine3": "Village - Serikhedi", "orgEmail": "esarconcrete@gmail.com", "orgPhone": "+919131828800", "orgFax": "", "orgCity": "Raipur", "orgPostalCode": "492101", "orgState": "Chhattisgarh", "orgGSTIN": "22AAIFE3761A1Z0", "orgLogo": "http://192.168.1.4:8000/media/logo/esar_7UHTo3v.jpeg", "orgPanNo": "1020304050", "billToName": "Sumeet Synfab India Pvt. Ltd.", "billToAddrsLine1": "Near Hari Bhoomi Press, Pachpedinaka", "billToAddrsLine2": "", "billToAddrsLine3": "", "billToState": "Chhattisgarh", "billToCity": "Raipur", "billToPostalCode": "492001", "billToPhone": "9424104951", "billToEmail": "", "billToPanNo": "AAHCS7997Q", "billToGSTIN": "22AAHCS7997Q1ZA", "shipToName": "Sumeet Synfab India Pvt. Ltd.", "shipToAddrsLine1": "Near Hari Bhoomi Press, Pachpedinaka", "shipToAddrsLine2": "", "shipToAddrsLine3": "", "shipToState": "Chhattisgarh", "shipToCity": "Raipur", "shipToPostalCode": "492001", "shipToPhone": "8770700300", "shipToEmail": "", "shipToPanNo": "AAHCS7997Q", "shipToGSTIN": "22AAHCS7997Q1ZA", "transportMode": "Road", "transporterCode": "", "transporterName": "", "vehicleRegNo": "CG04JD9685", "lrOrRrNo": "", "lrOrRrDate": null, "ewayBillNo": "", "ewayBillDatetime": null, "placeOfSupply": "Raipur", "perticulars": "", "paymentTerms": "Advance", "ticketNo": "360", "reverseTax": false, "invoiceAmount": 15616.51, "invoiceAmountWithTax": 18427.49, "paid": false, "cancelled": false, "cancelReason": "", "createdOn": "2021-08-05T15:29:37.079Z", "createdBy": "esarconcrete@gmail.com"}}, {"model": "sales.invoice", "pk": 29, "fields": {"invoiceId": "ESR/2021/00221", "soNumber": "ESO2021080007", "poNumber": "4", "deliveryDate": "2021-08-05", "customerId": "ECUS2021070001", "orgName": "ESAR Concrete", "orgAddrsLine1": "Raipur RMX Plant", "orgAddrsLine2": "Khasra No-504,", "orgAddrsLine3": "Village - Serikhedi", "orgEmail": "esarconcrete@gmail.com", "orgPhone": "+919131828800", "orgFax": "", "orgCity": "Raipur", "orgPostalCode": "492101", "orgState": "Chhattisgarh", "orgGSTIN": "22AAIFE3761A1Z0", "orgLogo": "http://192.168.1.4:8000/media/logo/esar_7UHTo3v.jpeg", "orgPanNo": "1020304050", "billToName": "Sumeet Synfab India Pvt. Ltd.", "billToAddrsLine1": "Near Hari Bhoomi Press, Pachpedinaka", "billToAddrsLine2": "", "billToAddrsLine3": "", "billToState": "Chhattisgarh", "billToCity": "Raipur", "billToPostalCode": "492001", "billToPhone": "9424104951", "billToEmail": "", "billToPanNo": "AAHCS7997Q", "billToGSTIN": "22AAHCS7997Q1ZA", "shipToName": "Sumeet Synfab India Pvt. Ltd.", "shipToAddrsLine1": "Near Hari Bhoomi Press, Pachpedinaka", "shipToAddrsLine2": "", "shipToAddrsLine3": "", "shipToState": "Chhattisgarh", "shipToCity": "Raipur", "shipToPostalCode": "492001", "shipToPhone": "8770700300", "shipToEmail": "", "shipToPanNo": "AAHCS7997Q", "shipToGSTIN": "22AAHCS7997Q1ZA", "transportMode": "Road", "transporterCode": "", "transporterName": "", "vehicleRegNo": "CG04JD3866", "lrOrRrNo": "", "lrOrRrDate": null, "ewayBillNo": "", "ewayBillDatetime": null, "placeOfSupply": "Raipur", "perticulars": "", "paymentTerms": "Advance", "ticketNo": "361", "reverseTax": false, "invoiceAmount": 15616.51, "invoiceAmountWithTax": 18427.49, "paid": false, "cancelled": false, "cancelReason": "", "createdOn": "2021-08-05T18:07:23.977Z", "createdBy": "esarconcrete@gmail.com"}}, {"model": "sales.invoice", "pk": 30, "fields": {"invoiceId": "ESR/2021/00222", "soNumber": "ESO2021080007", "poNumber": "4", "deliveryDate": "2021-08-06", "customerId": "ECUS2021070001", "orgName": "ESAR Concrete", "orgAddrsLine1": "Raipur RMX Plant", "orgAddrsLine2": "Khasra No-504,", "orgAddrsLine3": "Village - Serikhedi", "orgEmail": "esarconcrete@gmail.com", "orgPhone": "+919131828800", "orgFax": "", "orgCity": "Raipur", "orgPostalCode": "492101", "orgState": "Chhattisgarh", "orgGSTIN": "22AAIFE3761A1Z0", "orgLogo": "http://192.168.1.4:8000/media/logo/esar_7UHTo3v.jpeg", "orgPanNo": "1020304050", "billToName": "Sumeet Synfab India Pvt. Ltd.", "billToAddrsLine1": "Near Hari Bhoomi Press, Pachpedinaka", "billToAddrsLine2": "", "billToAddrsLine3": "", "billToState": "Chhattisgarh", "billToCity": "Raipur", "billToPostalCode": "492001", "billToPhone": "9424104951", "billToEmail": "", "billToPanNo": "AAHCS7997Q", "billToGSTIN": "22AAHCS7997Q1ZA", "shipToName": "Sumeet Synfab India Pvt. Ltd.", "shipToAddrsLine1": "Near Hari Bhoomi Press, Pachpedinaka", "shipToAddrsLine2": "", "shipToAddrsLine3": "", "shipToState": "Chhattisgarh", "shipToCity": "Raipur", "shipToPostalCode": "492001", "shipToPhone": "8770700300", "shipToEmail": "", "shipToPanNo": "AAHCS7997Q", "shipToGSTIN": "22AAHCS7997Q1ZA", "transportMode": "Road", "transporterCode": "", "transporterName": "", "vehicleRegNo": "CG04CA2762", "lrOrRrNo": "", "lrOrRrDate": null, "ewayBillNo": "", "ewayBillDatetime": null, "placeOfSupply": "Raipur", "perticulars": "", "paymentTerms": "Advance", "ticketNo": "362", "reverseTax": false, "invoiceAmount": 15616.51, "invoiceAmountWithTax": 18427.49, "paid": false, "cancelled": false, "cancelReason": "", "createdOn": "2021-08-06T06:06:52.467Z", "createdBy": "esarconcrete@gmail.com"}}, {"model": "sales.invoice", "pk": 31, "fields": {"invoiceId": "ESR/2021/00223", "soNumber": "ESO2021080010", "poNumber": "4", "deliveryDate": "2021-08-06", "customerId": "ECUS2021070001", "orgName": "ESAR Concrete", "orgAddrsLine1": "Raipur RMX Plant", "orgAddrsLine2": "Khasra No-504,", "orgAddrsLine3": "Village - Serikhedi", "orgEmail": "esarconcrete@gmail.com", "orgPhone": "+919131828800", "orgFax": "", "orgCity": "Raipur", "orgPostalCode": "492101", "orgState": "Chhattisgarh", "orgGSTIN": "22AAIFE3761A1Z0", "orgLogo": "http://192.168.1.4:8000/media/logo/esar_7UHTo3v.jpeg", "orgPanNo": "1020304050", "billToName": "Sumeet Synfab India Pvt. Ltd.", "billToAddrsLine1": "Near Hari Bhoomi Press, Pachpedinaka", "billToAddrsLine2": "", "billToAddrsLine3": "", "billToState": "Chhattisgarh", "billToCity": "Raipur", "billToPostalCode": "492001", "billToPhone": "9424104951", "billToEmail": "", "billToPanNo": "AAHCS7997Q", "billToGSTIN": "22AAHCS7997Q1ZA", "shipToName": "Sumeet Synfab India Pvt. Ltd.", "shipToAddrsLine1": "Near Hari Bhoomi Press, Pachpedinaka", "shipToAddrsLine2": "", "shipToAddrsLine3": "", "shipToState": "Chhattisgarh", "shipToCity": "Raipur", "shipToPostalCode": "492001", "shipToPhone": "8770700300", "shipToEmail": "", "shipToPanNo": "AAHCS7997Q", "shipToGSTIN": "22AAHCS7997Q1ZA", "transportMode": "Road", "transporterCode": "", "transporterName": "", "vehicleRegNo": "CG04JD3866", "lrOrRrNo": "", "lrOrRrDate": null, "ewayBillNo": "", "ewayBillDatetime": null, "placeOfSupply": "Raipur", "perticulars": "", "paymentTerms": "Advance", "ticketNo": "363", "reverseTax": false, "invoiceAmount": 7207.62, "invoiceAmountWithTax": 8505.0, "paid": false, "cancelled": false, "cancelReason": "", "createdOn": "2021-08-06T06:10:14.130Z", "createdBy": "esarconcrete@gmail.com"}}, {"model": "sales.invoice", "pk": 32, "fields": {"invoiceId": "ESR/2021/00224", "soNumber": "ESO2021080005", "poNumber": "1", "deliveryDate": "2021-08-07", "customerId": "ECUS2021080010", "orgName": "ESAR Concrete", "orgAddrsLine1": "Raipur RMX Plant", "orgAddrsLine2": "Khasra No-504,", "orgAddrsLine3": "Village - Serikhedi", "orgEmail": "esarconcrete@gmail.com", "orgPhone": "+919131828800", "orgFax": "", "orgCity": "Raipur", "orgPostalCode": "492101", "orgState": "Chhattisgarh", "orgGSTIN": "22AAIFE3761A1Z0", "orgLogo": "http://192.168.1.4:8000/media/logo/esar_7UHTo3v.jpeg", "orgPanNo": "1020304050", "billToName": "Shri Rishabhdeo Mandir Trust", "billToAddrsLine1": "Sadar Bazar", "billToAddrsLine2": "", "billToAddrsLine3": "", "billToState": "Chhattisgarh", "billToCity": "Raipur", "billToPostalCode": "492001", "billToPhone": "9300046897", "billToEmail": "", "billToPanNo": "AAAAS3594A", "billToGSTIN": "22AAAAS3594A2ZW", "shipToName": "Shri Rishabhdeo Mandir Trust", "shipToAddrsLine1": "MG Road Dadawadi", "shipToAddrsLine2": "", "shipToAddrsLine3": "", "shipToState": "Chhattisgarh", "shipToCity": "Raipur", "shipToPostalCode": "492001", "shipToPhone": "9300046897", "shipToEmail": "", "shipToPanNo": "AAAAS3594A", "shipToGSTIN": "22AAAAS3594A2ZW", "transportMode": "Road", "transporterCode": "", "transporterName": "", "vehicleRegNo": "CG04JD9685", "lrOrRrNo": "", "lrOrRrDate": null, "ewayBillNo": "", "ewayBillDatetime": null, "placeOfSupply": "Raipur", "perticulars": "", "paymentTerms": "Advance", "ticketNo": "364", "reverseTax": false, "invoiceAmount": 18177.97, "invoiceAmountWithTax": 21450.01, "paid": false, "cancelled": false, "cancelReason": "", "createdOn": "2021-08-07T07:46:35.079Z", "createdBy": "esarconcrete@gmail.com"}}, {"model": "sales.invoice", "pk": 33, "fields": {"invoiceId": "ESR/2021/00225", "soNumber": "ESO2021080005", "poNumber": "1", "deliveryDate": "2021-08-07", "customerId": "ECUS2021080010", "orgName": "ESAR Concrete", "orgAddrsLine1": "Raipur RMX Plant", "orgAddrsLine2": "Khasra No-504,", "orgAddrsLine3": "Village - Serikhedi", "orgEmail": "esarconcrete@gmail.com", "orgPhone": "+919131828800", "orgFax": "", "orgCity": "Raipur", "orgPostalCode": "492101", "orgState": "Chhattisgarh", "orgGSTIN": "22AAIFE3761A1Z0", "orgLogo": "http://192.168.1.4:8000/media/logo/esar_7UHTo3v.jpeg", "orgPanNo": "1020304050", "billToName": "Shri Rishabhdeo Mandir Trust", "billToAddrsLine1": "Sadar Bazar", "billToAddrsLine2": "", "billToAddrsLine3": "", "billToState": "Chhattisgarh", "billToCity": "Raipur", "billToPostalCode": "492001", "billToPhone": "9300046897", "billToEmail": "", "billToPanNo": "AAAAS3594A", "billToGSTIN": "22AAAAS3594A2ZW", "shipToName": "Shri Rishabhdeo Mandir Trust", "shipToAddrsLine1": "MG Road Dadawadi", "shipToAddrsLine2": "", "shipToAddrsLine3": "", "shipToState": "Chhattisgarh", "shipToCity": "Raipur", "shipToPostalCode": "492001", "shipToPhone": "9300046897", "shipToEmail": "", "shipToPanNo": "AAAAS3594A", "shipToGSTIN": "22AAAAS3594A2ZW", "transportMode": "Road", "transporterCode": "", "transporterName": "", "vehicleRegNo": "CG04JE0417", "lrOrRrNo": "", "lrOrRrDate": null, "ewayBillNo": "", "ewayBillDatetime": null, "placeOfSupply": "Raipur", "perticulars": "", "paymentTerms": "Advance", "ticketNo": "365", "reverseTax": false, "invoiceAmount": 18177.97, "invoiceAmountWithTax": 21450.01, "paid": false, "cancelled": false, "cancelReason": "", "createdOn": "2021-08-07T07:47:16.741Z", "createdBy": "esarconcrete@gmail.com"}}, {"model": "sales.invoice", "pk": 34, "fields": {"invoiceId": "ESR/2021/00226", "soNumber": "ESO2021080005", "poNumber": "1", "deliveryDate": "2021-08-07", "customerId": "ECUS2021080010", "orgName": "ESAR Concrete", "orgAddrsLine1": "Raipur RMX Plant", "orgAddrsLine2": "Khasra No-504,", "orgAddrsLine3": "Village - Serikhedi", "orgEmail": "esarconcrete@gmail.com", "orgPhone": "+919131828800", "orgFax": "", "orgCity": "Raipur", "orgPostalCode": "492101", "orgState": "Chhattisgarh", "orgGSTIN": "22AAIFE3761A1Z0", "orgLogo": "http://192.168.1.4:8000/media/logo/esar_7UHTo3v.jpeg", "orgPanNo": "1020304050", "billToName": "Shri Rishabhdeo Mandir Trust", "billToAddrsLine1": "Sadar Bazar", "billToAddrsLine2": "", "billToAddrsLine3": "", "billToState": "Chhattisgarh", "billToCity": "Raipur", "billToPostalCode": "492001", "billToPhone": "9300046897", "billToEmail": "", "billToPanNo": "AAAAS3594A", "billToGSTIN": "22AAAAS3594A2ZW", "shipToName": "Shri Rishabhdeo Mandir Trust", "shipToAddrsLine1": "MG Road Dadawadi", "shipToAddrsLine2": "", "shipToAddrsLine3": "", "shipToState": "Chhattisgarh", "shipToCity": "Raipur", "shipToPostalCode": "492001", "shipToPhone": "9300046897", "shipToEmail": "", "shipToPanNo": "AAAAS3594A", "shipToGSTIN": "22AAAAS3594A2ZW", "transportMode": "Road", "transporterCode": "", "transporterName": "", "vehicleRegNo": "CG04CA2762", "lrOrRrNo": "", "lrOrRrDate": null, "ewayBillNo": "", "ewayBillDatetime": null, "placeOfSupply": "Raipur", "perticulars": "", "paymentTerms": "Advance", "ticketNo": "366", "reverseTax": false, "invoiceAmount": 18177.97, "invoiceAmountWithTax": 21450.01, "paid": false, "cancelled": false, "cancelReason": "", "createdOn": "2021-08-07T07:47:51.179Z", "createdBy": "esarconcrete@gmail.com"}}, {"model": "sales.invoice", "pk": 35, "fields": {"invoiceId": "ESR/2021/00227", "soNumber": "ESO2021080005", "poNumber": "1", "deliveryDate": "2021-08-07", "customerId": "ECUS2021080010", "orgName": "ESAR Concrete", "orgAddrsLine1": "Raipur RMX Plant", "orgAddrsLine2": "Khasra No-504,", "orgAddrsLine3": "Village - Serikhedi", "orgEmail": "esarconcrete@gmail.com", "orgPhone": "+919131828800", "orgFax": "", "orgCity": "Raipur", "orgPostalCode": "492101", "orgState": "Chhattisgarh", "orgGSTIN": "22AAIFE3761A1Z0", "orgLogo": "http://192.168.1.4:8000/media/logo/esar_7UHTo3v.jpeg", "orgPanNo": "1020304050", "billToName": "Shri Rishabhdeo Mandir Trust", "billToAddrsLine1": "Sadar Bazar", "billToAddrsLine2": "", "billToAddrsLine3": "", "billToState": "Chhattisgarh", "billToCity": "Raipur", "billToPostalCode": "492001", "billToPhone": "9300046897", "billToEmail": "", "billToPanNo": "AAAAS3594A", "billToGSTIN": "22AAAAS3594A2ZW", "shipToName": "Shri Rishabhdeo Mandir Trust", "shipToAddrsLine1": "MG Road Dadawadi", "shipToAddrsLine2": "", "shipToAddrsLine3": "", "shipToState": "Chhattisgarh", "shipToCity": "Raipur", "shipToPostalCode": "492001", "shipToPhone": "9300046897", "shipToEmail": "", "shipToPanNo": "AAAAS3594A", "shipToGSTIN": "22AAAAS3594A2ZW", "transportMode": "Road", "transporterCode": "", "transporterName": "", "vehicleRegNo": "CG04JD3866", "lrOrRrNo": "", "lrOrRrDate": null, "ewayBillNo": "", "ewayBillDatetime": null, "placeOfSupply": "Raipur", "perticulars": "", "paymentTerms": "Advance", "ticketNo": "368", "reverseTax": false, "invoiceAmount": 18177.97, "invoiceAmountWithTax": 21450.01, "paid": false, "cancelled": false, "cancelReason": "", "createdOn": "2021-08-07T07:48:30.935Z", "createdBy": "esarconcrete@gmail.com"}}, {"model": "sales.invoice", "pk": 36, "fields": {"invoiceId": "ESR/2021/00228", "soNumber": "ESO2021080005", "poNumber": "1", "deliveryDate": "2021-08-07", "customerId": "ECUS2021080010", "orgName": "ESAR Concrete", "orgAddrsLine1": "Raipur RMX Plant", "orgAddrsLine2": "Khasra No-504,", "orgAddrsLine3": "Village - Serikhedi", "orgEmail": "esarconcrete@gmail.com", "orgPhone": "+919131828800", "orgFax": "", "orgCity": "Raipur", "orgPostalCode": "492101", "orgState": "Chhattisgarh", "orgGSTIN": "22AAIFE3761A1Z0", "orgLogo": "http://192.168.1.4:8000/media/logo/esar_7UHTo3v.jpeg", "orgPanNo": "1020304050", "billToName": "Shri Rishabhdeo Mandir Trust", "billToAddrsLine1": "Sadar Bazar", "billToAddrsLine2": "", "billToAddrsLine3": "", "billToState": "Chhattisgarh", "billToCity": "Raipur", "billToPostalCode": "492001", "billToPhone": "9300046897", "billToEmail": "", "billToPanNo": "AAAAS3594A", "billToGSTIN": "22AAAAS3594A2ZW", "shipToName": "Shri Rishabhdeo Mandir Trust", "shipToAddrsLine1": "MG Road Dadawadi", "shipToAddrsLine2": "", "shipToAddrsLine3": "", "shipToState": "Chhattisgarh", "shipToCity": "Raipur", "shipToPostalCode": "492001", "shipToPhone": "9300046897", "shipToEmail": "", "shipToPanNo": "AAAAS3594A", "shipToGSTIN": "22AAAAS3594A2ZW", "transportMode": "Road", "transporterCode": "", "transporterName": "", "vehicleRegNo": "CG04JD9685", "lrOrRrNo": "", "lrOrRrDate": null, "ewayBillNo": "", "ewayBillDatetime": null, "placeOfSupply": "Raipur", "perticulars": "", "paymentTerms": "Advance", "ticketNo": "369", "reverseTax": false, "invoiceAmount": 18177.97, "invoiceAmountWithTax": 21450.01, "paid": false, "cancelled": false, "cancelReason": "", "createdOn": "2021-08-07T07:49:15.639Z", "createdBy": "esarconcrete@gmail.com"}}, {"model": "sales.invoice", "pk": 37, "fields": {"invoiceId": "ESR/2021/00229", "soNumber": "ESO2021080005", "poNumber": "1", "deliveryDate": "2021-08-07", "customerId": "ECUS2021080010", "orgName": "ESAR Concrete", "orgAddrsLine1": "Raipur RMX Plant", "orgAddrsLine2": "Khasra No-504,", "orgAddrsLine3": "Village - Serikhedi", "orgEmail": "esarconcrete@gmail.com", "orgPhone": "+919131828800", "orgFax": "", "orgCity": "Raipur", "orgPostalCode": "492101", "orgState": "Chhattisgarh", "orgGSTIN": "22AAIFE3761A1Z0", "orgLogo": "http://192.168.1.4:8000/media/logo/esar_7UHTo3v.jpeg", "orgPanNo": "1020304050", "billToName": "Shri Rishabhdeo Mandir Trust", "billToAddrsLine1": "Sadar Bazar", "billToAddrsLine2": "", "billToAddrsLine3": "", "billToState": "Chhattisgarh", "billToCity": "Raipur", "billToPostalCode": "492001", "billToPhone": "9300046897", "billToEmail": "", "billToPanNo": "AAAAS3594A", "billToGSTIN": "22AAAAS3594A2ZW", "shipToName": "Shri Rishabhdeo Mandir Trust", "shipToAddrsLine1": "MG Road Dadawadi", "shipToAddrsLine2": "", "shipToAddrsLine3": "", "shipToState": "Chhattisgarh", "shipToCity": "Raipur", "shipToPostalCode": "492001", "shipToPhone": "9300046897", "shipToEmail": "", "shipToPanNo": "AAAAS3594A", "shipToGSTIN": "22AAAAS3594A2ZW", "transportMode": "Road", "transporterCode": "", "transporterName": "", "vehicleRegNo": "CG04JE0417", "lrOrRrNo": "", "lrOrRrDate": null, "ewayBillNo": "", "ewayBillDatetime": null, "placeOfSupply": "Raipur", "perticulars": "", "paymentTerms": "Advance", "ticketNo": "370", "reverseTax": false, "invoiceAmount": 18177.97, "invoiceAmountWithTax": 21450.01, "paid": false, "cancelled": false, "cancelReason": "", "createdOn": "2021-08-07T07:50:32.380Z", "createdBy": "esarconcrete@gmail.com"}}, {"model": "sales.invoice", "pk": 38, "fields": {"invoiceId": "ESR/2021/00230", "soNumber": "ESO2021080005", "poNumber": "1", "deliveryDate": "2021-08-07", "customerId": "ECUS2021080010", "orgName": "ESAR Concrete", "orgAddrsLine1": "Raipur RMX Plant", "orgAddrsLine2": "Khasra No-504,", "orgAddrsLine3": "Village - Serikhedi", "orgEmail": "esarconcrete@gmail.com", "orgPhone": "+919131828800", "orgFax": "", "orgCity": "Raipur", "orgPostalCode": "492101", "orgState": "Chhattisgarh", "orgGSTIN": "22AAIFE3761A1Z0", "orgLogo": "http://192.168.1.4:8000/media/logo/esar_7UHTo3v.jpeg", "orgPanNo": "1020304050", "billToName": "Shri Rishabhdeo Mandir Trust", "billToAddrsLine1": "Sadar Bazar", "billToAddrsLine2": "", "billToAddrsLine3": "", "billToState": "Chhattisgarh", "billToCity": "Raipur", "billToPostalCode": "492001", "billToPhone": "9300046897", "billToEmail": "", "billToPanNo": "AAAAS3594A", "billToGSTIN": "22AAAAS3594A2ZW", "shipToName": "Shri Rishabhdeo Mandir Trust", "shipToAddrsLine1": "MG Road Dadawadi", "shipToAddrsLine2": "", "shipToAddrsLine3": "", "shipToState": "Chhattisgarh", "shipToCity": "Raipur", "shipToPostalCode": "492001", "shipToPhone": "9300046897", "shipToEmail": "", "shipToPanNo": "AAAAS3594A", "shipToGSTIN": "22AAAAS3594A2ZW", "transportMode": "Road", "transporterCode": "", "transporterName": "", "vehicleRegNo": "CG04CA2762", "lrOrRrNo": "", "lrOrRrDate": null, "ewayBillNo": "", "ewayBillDatetime": null, "placeOfSupply": "Raipur", "perticulars": "", "paymentTerms": "Advance", "ticketNo": "371", "reverseTax": false, "invoiceAmount": 18177.97, "invoiceAmountWithTax": 21450.01, "paid": false, "cancelled": false, "cancelReason": "", "createdOn": "2021-08-07T07:51:07.032Z", "createdBy": "esarconcrete@gmail.com"}}, {"model": "sales.invoice", "pk": 39, "fields": {"invoiceId": "ESR/2021/00231", "soNumber": "ESO2021080005", "poNumber": "1", "deliveryDate": "2021-08-07", "customerId": "ECUS2021080010", "orgName": "ESAR Concrete", "orgAddrsLine1": "Raipur RMX Plant", "orgAddrsLine2": "Khasra No-504,", "orgAddrsLine3": "Village - Serikhedi", "orgEmail": "esarconcrete@gmail.com", "orgPhone": "+919131828800", "orgFax": "", "orgCity": "Raipur", "orgPostalCode": "492101", "orgState": "Chhattisgarh", "orgGSTIN": "22AAIFE3761A1Z0", "orgLogo": "http://192.168.1.4:8000/media/logo/esar_7UHTo3v.jpeg", "orgPanNo": "1020304050", "billToName": "Shri Rishabhdeo Mandir Trust", "billToAddrsLine1": "Sadar Bazar", "billToAddrsLine2": "", "billToAddrsLine3": "", "billToState": "Chhattisgarh", "billToCity": "Raipur", "billToPostalCode": "492001", "billToPhone": "9300046897", "billToEmail": "", "billToPanNo": "AAAAS3594A", "billToGSTIN": "22AAAAS3594A2ZW", "shipToName": "Shri Rishabhdeo Mandir Trust", "shipToAddrsLine1": "MG Road Dadawadi", "shipToAddrsLine2": "", "shipToAddrsLine3": "", "shipToState": "Chhattisgarh", "shipToCity": "Raipur", "shipToPostalCode": "492001", "shipToPhone": "9300046897", "shipToEmail": "", "shipToPanNo": "AAAAS3594A", "shipToGSTIN": "22AAAAS3594A2ZW", "transportMode": "Road", "transporterCode": "", "transporterName": "", "vehicleRegNo": "CG04JD3866", "lrOrRrNo": "", "lrOrRrDate": null, "ewayBillNo": "", "ewayBillDatetime": null, "placeOfSupply": "Raipur", "perticulars": "", "paymentTerms": "Advance", "ticketNo": "372", "reverseTax": false, "invoiceAmount": 18177.97, "invoiceAmountWithTax": 21450.01, "paid": false, "cancelled": false, "cancelReason": "", "createdOn": "2021-08-07T07:54:55.170Z", "createdBy": "esarconcrete@gmail.com"}}, {"model": "sales.invoice", "pk": 40, "fields": {"invoiceId": "ESR/2021/00232", "soNumber": "ESO2021080005", "poNumber": "1", "deliveryDate": "2021-08-07", "customerId": "ECUS2021080010", "orgName": "ESAR Concrete", "orgAddrsLine1": "Raipur RMX Plant", "orgAddrsLine2": "Khasra No-504,", "orgAddrsLine3": "Village - Serikhedi", "orgEmail": "esarconcrete@gmail.com", "orgPhone": "+919131828800", "orgFax": "", "orgCity": "Raipur", "orgPostalCode": "492101", "orgState": "Chhattisgarh", "orgGSTIN": "22AAIFE3761A1Z0", "orgLogo": "http://192.168.1.4:8000/media/logo/esar_7UHTo3v.jpeg", "orgPanNo": "1020304050", "billToName": "Shri Rishabhdeo Mandir Trust", "billToAddrsLine1": "Sadar Bazar", "billToAddrsLine2": "", "billToAddrsLine3": "", "billToState": "Chhattisgarh", "billToCity": "Raipur", "billToPostalCode": "492001", "billToPhone": "9300046897", "billToEmail": "", "billToPanNo": "AAAAS3594A", "billToGSTIN": "22AAAAS3594A2ZW", "shipToName": "Shri Rishabhdeo Mandir Trust", "shipToAddrsLine1": "MG Road Dadawadi", "shipToAddrsLine2": "", "shipToAddrsLine3": "", "shipToState": "Chhattisgarh", "shipToCity": "Raipur", "shipToPostalCode": "492001", "shipToPhone": "9300046897", "shipToEmail": "", "shipToPanNo": "AAAAS3594A", "shipToGSTIN": "22AAAAS3594A2ZW", "transportMode": "Road", "transporterCode": "", "transporterName": "", "vehicleRegNo": "CG04JD9685", "lrOrRrNo": "", "lrOrRrDate": null, "ewayBillNo": "", "ewayBillDatetime": null, "placeOfSupply": "Raipur", "perticulars": "", "paymentTerms": "Advance", "ticketNo": "373", "reverseTax": false, "invoiceAmount": 18177.97, "invoiceAmountWithTax": 21450.01, "paid": false, "cancelled": false, "cancelReason": "", "createdOn": "2021-08-07T07:55:47.388Z", "createdBy": "esarconcrete@gmail.com"}}, {"model": "sales.invoice", "pk": 41, "fields": {"invoiceId": "ESR/2021/00233", "soNumber": "ESO2021080005", "poNumber": "1", "deliveryDate": "2021-08-07", "customerId": "ECUS2021080010", "orgName": "ESAR Concrete", "orgAddrsLine1": "Raipur RMX Plant", "orgAddrsLine2": "Khasra No-504,", "orgAddrsLine3": "Village - Serikhedi", "orgEmail": "esarconcrete@gmail.com", "orgPhone": "+919131828800", "orgFax": "", "orgCity": "Raipur", "orgPostalCode": "492101", "orgState": "Chhattisgarh", "orgGSTIN": "22AAIFE3761A1Z0", "orgLogo": "http://192.168.1.4:8000/media/logo/esar_7UHTo3v.jpeg", "orgPanNo": "1020304050", "billToName": "Shri Rishabhdeo Mandir Trust", "billToAddrsLine1": "Sadar Bazar", "billToAddrsLine2": "", "billToAddrsLine3": "", "billToState": "Chhattisgarh", "billToCity": "Raipur", "billToPostalCode": "492001", "billToPhone": "9300046897", "billToEmail": "", "billToPanNo": "AAAAS3594A", "billToGSTIN": "22AAAAS3594A2ZW", "shipToName": "Shri Rishabhdeo Mandir Trust", "shipToAddrsLine1": "MG Road Dadawadi", "shipToAddrsLine2": "", "shipToAddrsLine3": "", "shipToState": "Chhattisgarh", "shipToCity": "Raipur", "shipToPostalCode": "492001", "shipToPhone": "9300046897", "shipToEmail": "", "shipToPanNo": "AAAAS3594A", "shipToGSTIN": "22AAAAS3594A2ZW", "transportMode": "Road", "transporterCode": "", "transporterName": "", "vehicleRegNo": "CG04JE0417", "lrOrRrNo": "", "lrOrRrDate": null, "ewayBillNo": "", "ewayBillDatetime": null, "placeOfSupply": "Raipur", "perticulars": "", "paymentTerms": "Advance", "ticketNo": "374", "reverseTax": false, "invoiceAmount": 18177.97, "invoiceAmountWithTax": 21450.01, "paid": false, "cancelled": false, "cancelReason": "", "createdOn": "2021-08-07T07:56:18.079Z", "createdBy": "esarconcrete@gmail.com"}}, {"model": "sales.invoice", "pk": 42, "fields": {"invoiceId": "ESR/2021/00234", "soNumber": "ESO2021080005", "poNumber": "1", "deliveryDate": "2021-08-07", "customerId": "ECUS2021080010", "orgName": "ESAR Concrete", "orgAddrsLine1": "Raipur RMX Plant", "orgAddrsLine2": "Khasra No-504,", "orgAddrsLine3": "Village - Serikhedi", "orgEmail": "esarconcrete@gmail.com", "orgPhone": "+919131828800", "orgFax": "", "orgCity": "Raipur", "orgPostalCode": "492101", "orgState": "Chhattisgarh", "orgGSTIN": "22AAIFE3761A1Z0", "orgLogo": "http://192.168.1.4:8000/media/logo/esar_7UHTo3v.jpeg", "orgPanNo": "1020304050", "billToName": "Shri Rishabhdeo Mandir Trust", "billToAddrsLine1": "Sadar Bazar", "billToAddrsLine2": "", "billToAddrsLine3": "", "billToState": "Chhattisgarh", "billToCity": "Raipur", "billToPostalCode": "492001", "billToPhone": "9300046897", "billToEmail": "", "billToPanNo": "AAAAS3594A", "billToGSTIN": "22AAAAS3594A2ZW", "shipToName": "Shri Rishabhdeo Mandir Trust", "shipToAddrsLine1": "MG Road Dadawadi", "shipToAddrsLine2": "", "shipToAddrsLine3": "", "shipToState": "Chhattisgarh", "shipToCity": "Raipur", "shipToPostalCode": "492001", "shipToPhone": "9300046897", "shipToEmail": "", "shipToPanNo": "AAAAS3594A", "shipToGSTIN": "22AAAAS3594A2ZW", "transportMode": "Road", "transporterCode": "", "transporterName": "", "vehicleRegNo": "CG04CA2762", "lrOrRrNo": "", "lrOrRrDate": null, "ewayBillNo": "", "ewayBillDatetime": null, "placeOfSupply": "Raipur", "perticulars": "", "paymentTerms": "Advance", "ticketNo": "375", "reverseTax": false, "invoiceAmount": 18177.97, "invoiceAmountWithTax": 21450.01, "paid": false, "cancelled": false, "cancelReason": "", "createdOn": "2021-08-07T07:56:50.393Z", "createdBy": "esarconcrete@gmail.com"}}, {"model": "sales.invoice", "pk": 43, "fields": {"invoiceId": "ESR/2021/00235", "soNumber": "ESO2021080005", "poNumber": "1", "deliveryDate": "2021-08-07", "customerId": "ECUS2021080010", "orgName": "ESAR Concrete", "orgAddrsLine1": "Raipur RMX Plant", "orgAddrsLine2": "Khasra No-504,", "orgAddrsLine3": "Village - Serikhedi", "orgEmail": "esarconcrete@gmail.com", "orgPhone": "+919131828800", "orgFax": "", "orgCity": "Raipur", "orgPostalCode": "492101", "orgState": "Chhattisgarh", "orgGSTIN": "22AAIFE3761A1Z0", "orgLogo": "http://192.168.1.4:8000/media/logo/esar_7UHTo3v.jpeg", "orgPanNo": "1020304050", "billToName": "Shri Rishabhdeo Mandir Trust", "billToAddrsLine1": "Sadar Bazar", "billToAddrsLine2": "", "billToAddrsLine3": "", "billToState": "Chhattisgarh", "billToCity": "Raipur", "billToPostalCode": "492001", "billToPhone": "9300046897", "billToEmail": "", "billToPanNo": "AAAAS3594A", "billToGSTIN": "22AAAAS3594A2ZW", "shipToName": "Shri Rishabhdeo Mandir Trust", "shipToAddrsLine1": "MG Road Dadawadi", "shipToAddrsLine2": "", "shipToAddrsLine3": "", "shipToState": "Chhattisgarh", "shipToCity": "Raipur", "shipToPostalCode": "492001", "shipToPhone": "9300046897", "shipToEmail": "", "shipToPanNo": "AAAAS3594A", "shipToGSTIN": "22AAAAS3594A2ZW", "transportMode": "Road", "transporterCode": "", "transporterName": "", "vehicleRegNo": "CG04JD3866", "lrOrRrNo": "", "lrOrRrDate": null, "ewayBillNo": "", "ewayBillDatetime": null, "placeOfSupply": "Raipur", "perticulars": "", "paymentTerms": "Advance", "ticketNo": "376", "reverseTax": false, "invoiceAmount": 18177.97, "invoiceAmountWithTax": 21450.01, "paid": false, "cancelled": false, "cancelReason": "", "createdOn": "2021-08-07T08:37:07.408Z", "createdBy": "esarconcrete@gmail.com"}}, {"model": "sales.invoice", "pk": 44, "fields": {"invoiceId": "ESR/2021/00236", "soNumber": "ESO2021080003", "poNumber": "5", "deliveryDate": "2021-08-07", "customerId": "ECUS2021070001", "orgName": "ESAR Concrete", "orgAddrsLine1": "Raipur RMX Plant", "orgAddrsLine2": "Khasra No-504,", "orgAddrsLine3": "Village - Serikhedi", "orgEmail": "esarconcrete@gmail.com", "orgPhone": "+919131828800", "orgFax": "", "orgCity": "Raipur", "orgPostalCode": "492101", "orgState": "Chhattisgarh", "orgGSTIN": "22AAIFE3761A1Z0", "orgLogo": "http://localhost:8000/media/logo/esar_7UHTo3v.jpeg", "orgPanNo": "1020304050", "billToName": "Sumeet Synfab India Pvt. Ltd.", "billToAddrsLine1": "Near Hari Bhoomi Press, Pachpedinaka", "billToAddrsLine2": "", "billToAddrsLine3": "", "billToState": "Chhattisgarh", "billToCity": "Raipur", "billToPostalCode": "492001", "billToPhone": "9424104951", "billToEmail": "", "billToPanNo": "AAHCS7997Q", "billToGSTIN": "22AAHCS7997Q1ZA", "shipToName": "Sumeet Synfab India Pvt. Ltd.", "shipToAddrsLine1": "Near Hari Bhoomi Press, Pachpedinaka", "shipToAddrsLine2": "", "shipToAddrsLine3": "", "shipToState": "Chhattisgarh", "shipToCity": "Raipur", "shipToPostalCode": "492001", "shipToPhone": "8770700300", "shipToEmail": "", "shipToPanNo": "AAHCS7997Q", "shipToGSTIN": "22AAHCS7997Q1ZA", "transportMode": "Road", "transporterCode": "", "transporterName": "", "vehicleRegNo": "CG04JE0417", "lrOrRrNo": "", "lrOrRrDate": null, "ewayBillNo": "", "ewayBillDatetime": null, "placeOfSupply": "Raipur", "perticulars": "", "paymentTerms": "Advance", "ticketNo": "377", "reverseTax": false, "invoiceAmount": 16431.74, "invoiceAmountWithTax": 19389.46, "paid": false, "cancelled": false, "cancelReason": "", "createdOn": "2021-08-07T08:48:38.937Z", "createdBy": "esarconcrete@gmail.com"}}, {"model": "sales.invoice", "pk": 45, "fields": {"invoiceId": "ESR/2021/00237", "soNumber": "ESO2021080003", "poNumber": "5", "deliveryDate": "2021-08-07", "customerId": "ECUS2021070001", "orgName": "ESAR Concrete", "orgAddrsLine1": "Raipur RMX Plant", "orgAddrsLine2": "Khasra No-504,", "orgAddrsLine3": "Village - Serikhedi", "orgEmail": "esarconcrete@gmail.com", "orgPhone": "+919131828800", "orgFax": "", "orgCity": "Raipur", "orgPostalCode": "492101", "orgState": "Chhattisgarh", "orgGSTIN": "22AAIFE3761A1Z0", "orgLogo": "http://localhost:8000/media/logo/esar_7UHTo3v.jpeg", "orgPanNo": "1020304050", "billToName": "Sumeet Synfab India Pvt. Ltd.", "billToAddrsLine1": "Near Hari Bhoomi Press, Pachpedinaka", "billToAddrsLine2": "", "billToAddrsLine3": "", "billToState": "Chhattisgarh", "billToCity": "Raipur", "billToPostalCode": "492001", "billToPhone": "9424104951", "billToEmail": "", "billToPanNo": "AAHCS7997Q", "billToGSTIN": "22AAHCS7997Q1ZA", "shipToName": "Sumeet Synfab India Pvt. Ltd.", "shipToAddrsLine1": "Near Hari Bhoomi Press, Pachpedinaka", "shipToAddrsLine2": "", "shipToAddrsLine3": "", "shipToState": "Chhattisgarh", "shipToCity": "Raipur", "shipToPostalCode": "492001", "shipToPhone": "8770700300", "shipToEmail": "", "shipToPanNo": "AAHCS7997Q", "shipToGSTIN": "22AAHCS7997Q1ZA", "transportMode": "Road", "transporterCode": "", "transporterName": "", "vehicleRegNo": "CG04CA2762", "lrOrRrNo": "", "lrOrRrDate": null, "ewayBillNo": "", "ewayBillDatetime": null, "placeOfSupply": "Raipur", "perticulars": "", "paymentTerms": "Advance", "ticketNo": "378", "reverseTax": false, "invoiceAmount": 16431.74, "invoiceAmountWithTax": 19389.46, "paid": false, "cancelled": false, "cancelReason": "", "createdOn": "2021-08-07T11:39:37.728Z", "createdBy": "esarconcrete@gmail.com"}}, {"model": "sales.invoice", "pk": 46, "fields": {"invoiceId": "ESR/2021/00238", "soNumber": "ESO2021080013", "poNumber": "4", "deliveryDate": "2021-08-07", "customerId": "ECUS2021070001", "orgName": "ESAR Concrete", "orgAddrsLine1": "Raipur RMX Plant", "orgAddrsLine2": "Khasra No-504,", "orgAddrsLine3": "Village - Serikhedi", "orgEmail": "esarconcrete@gmail.com", "orgPhone": "+919131828800", "orgFax": "", "orgCity": "Raipur", "orgPostalCode": "492101", "orgState": "Chhattisgarh", "orgGSTIN": "22AAIFE3761A1Z0", "orgLogo": "http://192.168.1.4:8000/media/logo/esar_7UHTo3v.jpeg", "orgPanNo": "1020304050", "billToName": "Sumeet Synfab India Pvt. Ltd.", "billToAddrsLine1": "Near Hari Bhoomi Press, Pachpedinaka", "billToAddrsLine2": "", "billToAddrsLine3": "", "billToState": "Chhattisgarh", "billToCity": "Raipur", "billToPostalCode": "492001", "billToPhone": "9424104951", "billToEmail": "", "billToPanNo": "AAHCS7997Q", "billToGSTIN": "22AAHCS7997Q1ZA", "shipToName": "Sumeet Synfab India Pvt. Ltd.", "shipToAddrsLine1": "Near Hari Bhoomi Press, Pachpedinaka", "shipToAddrsLine2": "", "shipToAddrsLine3": "", "shipToState": "Chhattisgarh", "shipToCity": "Raipur", "shipToPostalCode": "492001", "shipToPhone": "8770700300", "shipToEmail": "", "shipToPanNo": "AAHCS7997Q", "shipToGSTIN": "22AAHCS7997Q1ZA", "transportMode": "Road", "transporterCode": "", "transporterName": "", "vehicleRegNo": "CG04JD9685", "lrOrRrNo": "", "lrOrRrDate": null, "ewayBillNo": "", "ewayBillDatetime": null, "placeOfSupply": "Raipur", "perticulars": "", "paymentTerms": "Advance", "ticketNo": "379", "reverseTax": false, "invoiceAmount": 15616.51, "invoiceAmountWithTax": 18427.49, "paid": false, "cancelled": false, "cancelReason": "", "createdOn": "2021-08-07T12:55:52.330Z", "createdBy": "esarconcrete@gmail.com"}}, {"model": "sales.invoice", "pk": 47, "fields": {"invoiceId": "ESR/2021/00239", "soNumber": "ESO2021080013", "poNumber": "4", "deliveryDate": "2021-08-07", "customerId": "ECUS2021070001", "orgName": "ESAR Concrete", "orgAddrsLine1": "Raipur RMX Plant", "orgAddrsLine2": "Khasra No-504,", "orgAddrsLine3": "Village - Serikhedi", "orgEmail": "esarconcrete@gmail.com", "orgPhone": "+919131828800", "orgFax": "", "orgCity": "Raipur", "orgPostalCode": "492101", "orgState": "Chhattisgarh", "orgGSTIN": "22AAIFE3761A1Z0", "orgLogo": "http://192.168.1.4:8000/media/logo/esar_7UHTo3v.jpeg", "orgPanNo": "1020304050", "billToName": "Sumeet Synfab India Pvt. Ltd.", "billToAddrsLine1": "Near Hari Bhoomi Press, Pachpedinaka", "billToAddrsLine2": "", "billToAddrsLine3": "", "billToState": "Chhattisgarh", "billToCity": "Raipur", "billToPostalCode": "492001", "billToPhone": "9424104951", "billToEmail": "", "billToPanNo": "AAHCS7997Q", "billToGSTIN": "22AAHCS7997Q1ZA", "shipToName": "Sumeet Synfab India Pvt. Ltd.", "shipToAddrsLine1": "Near Hari Bhoomi Press, Pachpedinaka", "shipToAddrsLine2": "", "shipToAddrsLine3": "", "shipToState": "Chhattisgarh", "shipToCity": "Raipur", "shipToPostalCode": "492001", "shipToPhone": "8770700300", "shipToEmail": "", "shipToPanNo": "AAHCS7997Q", "shipToGSTIN": "22AAHCS7997Q1ZA", "transportMode": "Road", "transporterCode": "", "transporterName": "", "vehicleRegNo": "CG04JE0417", "lrOrRrNo": "", "lrOrRrDate": null, "ewayBillNo": "", "ewayBillDatetime": null, "placeOfSupply": "Raipur", "perticulars": "", "paymentTerms": "Advance", "ticketNo": "380", "reverseTax": false, "invoiceAmount": 15616.51, "invoiceAmountWithTax": 18427.49, "paid": false, "cancelled": false, "cancelReason": "", "createdOn": "2021-08-07T17:52:11.110Z", "createdBy": "esarconcrete@gmail.com"}}, {"model": "sales.invoice", "pk": 48, "fields": {"invoiceId": "ESR/2021/00240", "soNumber": "ESO2021080013", "poNumber": "4", "deliveryDate": "2021-08-07", "customerId": "ECUS2021070001", "orgName": "ESAR Concrete", "orgAddrsLine1": "Raipur RMX Plant", "orgAddrsLine2": "Khasra No-504,", "orgAddrsLine3": "Village - Serikhedi", "orgEmail": "esarconcrete@gmail.com", "orgPhone": "+919131828800", "orgFax": "", "orgCity": "Raipur", "orgPostalCode": "492101", "orgState": "Chhattisgarh", "orgGSTIN": "22AAIFE3761A1Z0", "orgLogo": "http://192.168.1.4:8000/media/logo/esar_7UHTo3v.jpeg", "orgPanNo": "1020304050", "billToName": "Sumeet Synfab India Pvt. Ltd.", "billToAddrsLine1": "Near Hari Bhoomi Press, Pachpedinaka", "billToAddrsLine2": "", "billToAddrsLine3": "", "billToState": "Chhattisgarh", "billToCity": "Raipur", "billToPostalCode": "492001", "billToPhone": "9424104951", "billToEmail": "", "billToPanNo": "AAHCS7997Q", "billToGSTIN": "22AAHCS7997Q1ZA", "shipToName": "Sumeet Synfab India Pvt. Ltd.", "shipToAddrsLine1": "Near Hari Bhoomi Press, Pachpedinaka", "shipToAddrsLine2": "", "shipToAddrsLine3": "", "shipToState": "Chhattisgarh", "shipToCity": "Raipur", "shipToPostalCode": "492001", "shipToPhone": "8770700300", "shipToEmail": "", "shipToPanNo": "AAHCS7997Q", "shipToGSTIN": "22AAHCS7997Q1ZA", "transportMode": "Road", "transporterCode": "", "transporterName": "", "vehicleRegNo": "CG04CA2762", "lrOrRrNo": "", "lrOrRrDate": null, "ewayBillNo": "", "ewayBillDatetime": null, "placeOfSupply": "Raipur", "perticulars": "", "paymentTerms": "Advance", "ticketNo": "381", "reverseTax": false, "invoiceAmount": 15616.51, "invoiceAmountWithTax": 18427.49, "paid": false, "cancelled": false, "cancelReason": "", "createdOn": "2021-08-07T17:52:50.635Z", "createdBy": "esarconcrete@gmail.com"}}, {"model": "sales.invoice", "pk": 49, "fields": {"invoiceId": "ESR/2021/00241", "soNumber": "ESO2021080013", "poNumber": "4", "deliveryDate": "2021-08-07", "customerId": "ECUS2021070001", "orgName": "ESAR Concrete", "orgAddrsLine1": "Raipur RMX Plant", "orgAddrsLine2": "Khasra No-504,", "orgAddrsLine3": "Village - Serikhedi", "orgEmail": "esarconcrete@gmail.com", "orgPhone": "+919131828800", "orgFax": "", "orgCity": "Raipur", "orgPostalCode": "492101", "orgState": "Chhattisgarh", "orgGSTIN": "22AAIFE3761A1Z0", "orgLogo": "http://192.168.1.4:8000/media/logo/esar_7UHTo3v.jpeg", "orgPanNo": "1020304050", "billToName": "Sumeet Synfab India Pvt. Ltd.", "billToAddrsLine1": "Near Hari Bhoomi Press, Pachpedinaka", "billToAddrsLine2": "", "billToAddrsLine3": "", "billToState": "Chhattisgarh", "billToCity": "Raipur", "billToPostalCode": "492001", "billToPhone": "9424104951", "billToEmail": "", "billToPanNo": "AAHCS7997Q", "billToGSTIN": "22AAHCS7997Q1ZA", "shipToName": "Sumeet Synfab India Pvt. Ltd.", "shipToAddrsLine1": "Near Hari Bhoomi Press, Pachpedinaka", "shipToAddrsLine2": "", "shipToAddrsLine3": "", "shipToState": "Chhattisgarh", "shipToCity": "Raipur", "shipToPostalCode": "492001", "shipToPhone": "8770700300", "shipToEmail": "", "shipToPanNo": "AAHCS7997Q", "shipToGSTIN": "22AAHCS7997Q1ZA", "transportMode": "Road", "transporterCode": "", "transporterName": "", "vehicleRegNo": "CG04JD3866", "lrOrRrNo": "", "lrOrRrDate": null, "ewayBillNo": "", "ewayBillDatetime": null, "placeOfSupply": "Raipur", "perticulars": "", "paymentTerms": "Advance", "ticketNo": "382", "reverseTax": false, "invoiceAmount": 15616.51, "invoiceAmountWithTax": 18427.49, "paid": false, "cancelled": false, "cancelReason": "", "createdOn": "2021-08-07T18:07:35.415Z", "createdBy": "esarconcrete@gmail.com"}}, {"model": "sales.invoice", "pk": 50, "fields": {"invoiceId": "ESR/2021/00242", "soNumber": "ESO2021080013", "poNumber": "4", "deliveryDate": "2021-08-08", "customerId": "ECUS2021070001", "orgName": "ESAR Concrete", "orgAddrsLine1": "Raipur RMX Plant", "orgAddrsLine2": "Khasra No-504,", "orgAddrsLine3": "Village - Serikhedi", "orgEmail": "esarconcrete@gmail.com", "orgPhone": "+919131828800", "orgFax": "", "orgCity": "Raipur", "orgPostalCode": "492101", "orgState": "Chhattisgarh", "orgGSTIN": "22AAIFE3761A1Z0", "orgLogo": "http://192.168.1.4:8000/media/logo/esar_7UHTo3v.jpeg", "orgPanNo": "1020304050", "billToName": "Sumeet Synfab India Pvt. Ltd.", "billToAddrsLine1": "Near Hari Bhoomi Press, Pachpedinaka", "billToAddrsLine2": "", "billToAddrsLine3": "", "billToState": "Chhattisgarh", "billToCity": "Raipur", "billToPostalCode": "492001", "billToPhone": "9424104951", "billToEmail": "", "billToPanNo": "AAHCS7997Q", "billToGSTIN": "22AAHCS7997Q1ZA", "shipToName": "Sumeet Synfab India Pvt. Ltd.", "shipToAddrsLine1": "Near Hari Bhoomi Press, Pachpedinaka", "shipToAddrsLine2": "", "shipToAddrsLine3": "", "shipToState": "Chhattisgarh", "shipToCity": "Raipur", "shipToPostalCode": "492001", "shipToPhone": "8770700300", "shipToEmail": "", "shipToPanNo": "AAHCS7997Q", "shipToGSTIN": "22AAHCS7997Q1ZA", "transportMode": "Road", "transporterCode": "", "transporterName": "", "vehicleRegNo": "CG04JD9685", "lrOrRrNo": "", "lrOrRrDate": null, "ewayBillNo": "", "ewayBillDatetime": null, "placeOfSupply": "Raipur", "perticulars": "", "paymentTerms": "Advance", "ticketNo": "383", "reverseTax": false, "invoiceAmount": 15616.51, "invoiceAmountWithTax": 18427.49, "paid": false, "cancelled": false, "cancelReason": "", "createdOn": "2021-08-07T18:39:59.653Z", "createdBy": "esarconcrete@gmail.com"}}, {"model": "sales.invoice", "pk": 51, "fields": {"invoiceId": "ESR/2021/00243", "soNumber": "ESO2021080013", "poNumber": "4", "deliveryDate": "2021-08-08", "customerId": "ECUS2021070001", "orgName": "ESAR Concrete", "orgAddrsLine1": "Raipur RMX Plant", "orgAddrsLine2": "Khasra No-504,", "orgAddrsLine3": "Village - Serikhedi", "orgEmail": "esarconcrete@gmail.com", "orgPhone": "+919131828800", "orgFax": "", "orgCity": "Raipur", "orgPostalCode": "492101", "orgState": "Chhattisgarh", "orgGSTIN": "22AAIFE3761A1Z0", "orgLogo": "http://192.168.1.4:8000/media/logo/esar_7UHTo3v.jpeg", "orgPanNo": "1020304050", "billToName": "Sumeet Synfab India Pvt. Ltd.", "billToAddrsLine1": "Near Hari Bhoomi Press, Pachpedinaka", "billToAddrsLine2": "", "billToAddrsLine3": "", "billToState": "Chhattisgarh", "billToCity": "Raipur", "billToPostalCode": "492001", "billToPhone": "9424104951", "billToEmail": "", "billToPanNo": "AAHCS7997Q", "billToGSTIN": "22AAHCS7997Q1ZA", "shipToName": "Sumeet Synfab India Pvt. Ltd.", "shipToAddrsLine1": "Near Hari Bhoomi Press, Pachpedinaka", "shipToAddrsLine2": "", "shipToAddrsLine3": "", "shipToState": "Chhattisgarh", "shipToCity": "Raipur", "shipToPostalCode": "492001", "shipToPhone": "8770700300", "shipToEmail": "", "shipToPanNo": "AAHCS7997Q", "shipToGSTIN": "22AAHCS7997Q1ZA", "transportMode": "Road", "transporterCode": "", "transporterName": "", "vehicleRegNo": "CG04JE0417", "lrOrRrNo": "", "lrOrRrDate": null, "ewayBillNo": "", "ewayBillDatetime": null, "placeOfSupply": "Raipur", "perticulars": "", "paymentTerms": "Advance", "ticketNo": "384", "reverseTax": false, "invoiceAmount": 15616.51, "invoiceAmountWithTax": 18427.49, "paid": false, "cancelled": false, "cancelReason": "", "createdOn": "2021-08-07T19:12:22.591Z", "createdBy": "esarconcrete@gmail.com"}}, {"model": "sales.invoice", "pk": 52, "fields": {"invoiceId": "ESR/2021/00244", "soNumber": "ESO2021080013", "poNumber": "4", "deliveryDate": "2021-08-08", "customerId": "ECUS2021070001", "orgName": "ESAR Concrete", "orgAddrsLine1": "Raipur RMX Plant", "orgAddrsLine2": "Khasra No-504,", "orgAddrsLine3": "Village - Serikhedi", "orgEmail": "esarconcrete@gmail.com", "orgPhone": "+919131828800", "orgFax": "", "orgCity": "Raipur", "orgPostalCode": "492101", "orgState": "Chhattisgarh", "orgGSTIN": "22AAIFE3761A1Z0", "orgLogo": "http://192.168.1.4:8000/media/logo/esar_7UHTo3v.jpeg", "orgPanNo": "1020304050", "billToName": "Sumeet Synfab India Pvt. Ltd.", "billToAddrsLine1": "Near Hari Bhoomi Press, Pachpedinaka", "billToAddrsLine2": "", "billToAddrsLine3": "", "billToState": "Chhattisgarh", "billToCity": "Raipur", "billToPostalCode": "492001", "billToPhone": "9424104951", "billToEmail": "", "billToPanNo": "AAHCS7997Q", "billToGSTIN": "22AAHCS7997Q1ZA", "shipToName": "Sumeet Synfab India Pvt. Ltd.", "shipToAddrsLine1": "Near Hari Bhoomi Press, Pachpedinaka", "shipToAddrsLine2": "", "shipToAddrsLine3": "", "shipToState": "Chhattisgarh", "shipToCity": "Raipur", "shipToPostalCode": "492001", "shipToPhone": "8770700300", "shipToEmail": "", "shipToPanNo": "AAHCS7997Q", "shipToGSTIN": "22AAHCS7997Q1ZA", "transportMode": "Road", "transporterCode": "", "transporterName": "", "vehicleRegNo": "CG04CA2762", "lrOrRrNo": "", "lrOrRrDate": null, "ewayBillNo": "", "ewayBillDatetime": null, "placeOfSupply": "Raipur", "perticulars": "", "paymentTerms": "Advance", "ticketNo": "385", "reverseTax": false, "invoiceAmount": 15616.51, "invoiceAmountWithTax": 18427.49, "paid": false, "cancelled": false, "cancelReason": "", "createdOn": "2021-08-07T20:05:10.602Z", "createdBy": "esarconcrete@gmail.com"}}, {"model": "sales.invoice", "pk": 53, "fields": {"invoiceId": "ESR/2021/00245", "soNumber": "ESO2021080013", "poNumber": "4", "deliveryDate": "2021-08-08", "customerId": "ECUS2021070001", "orgName": "ESAR Concrete", "orgAddrsLine1": "Raipur RMX Plant", "orgAddrsLine2": "Khasra No-504,", "orgAddrsLine3": "Village - Serikhedi", "orgEmail": "esarconcrete@gmail.com", "orgPhone": "+919131828800", "orgFax": "", "orgCity": "Raipur", "orgPostalCode": "492101", "orgState": "Chhattisgarh", "orgGSTIN": "22AAIFE3761A1Z0", "orgLogo": "http://192.168.1.4:8000/media/logo/esar_7UHTo3v.jpeg", "orgPanNo": "1020304050", "billToName": "Sumeet Synfab India Pvt. Ltd.", "billToAddrsLine1": "Near Hari Bhoomi Press, Pachpedinaka", "billToAddrsLine2": "", "billToAddrsLine3": "", "billToState": "Chhattisgarh", "billToCity": "Raipur", "billToPostalCode": "492001", "billToPhone": "9424104951", "billToEmail": "", "billToPanNo": "AAHCS7997Q", "billToGSTIN": "22AAHCS7997Q1ZA", "shipToName": "Sumeet Synfab India Pvt. Ltd.", "shipToAddrsLine1": "Near Hari Bhoomi Press, Pachpedinaka", "shipToAddrsLine2": "", "shipToAddrsLine3": "", "shipToState": "Chhattisgarh", "shipToCity": "Raipur", "shipToPostalCode": "492001", "shipToPhone": "8770700300", "shipToEmail": "", "shipToPanNo": "AAHCS7997Q", "shipToGSTIN": "22AAHCS7997Q1ZA", "transportMode": "Road", "transporterCode": "", "transporterName": "", "vehicleRegNo": "CG04JD9685", "lrOrRrNo": "", "lrOrRrDate": null, "ewayBillNo": "", "ewayBillDatetime": null, "placeOfSupply": "Raipur", "perticulars": "", "paymentTerms": "Advance", "ticketNo": "386", "reverseTax": false, "invoiceAmount": 15616.51, "invoiceAmountWithTax": 18427.49, "paid": false, "cancelled": false, "cancelReason": "", "createdOn": "2021-08-08T07:06:38.538Z", "createdBy": "esarconcrete@gmail.com"}}, {"model": "sales.invoice", "pk": 54, "fields": {"invoiceId": "ESR/2021/00246", "soNumber": "ESO2021080013", "poNumber": "4", "deliveryDate": "2021-08-08", "customerId": "ECUS2021070001", "orgName": "ESAR Concrete", "orgAddrsLine1": "Raipur RMX Plant", "orgAddrsLine2": "Khasra No-504,", "orgAddrsLine3": "Village - Serikhedi", "orgEmail": "esarconcrete@gmail.com", "orgPhone": "+919131828800", "orgFax": "", "orgCity": "Raipur", "orgPostalCode": "492101", "orgState": "Chhattisgarh", "orgGSTIN": "22AAIFE3761A1Z0", "orgLogo": "http://192.168.1.4:8000/media/logo/esar_7UHTo3v.jpeg", "orgPanNo": "1020304050", "billToName": "Sumeet Synfab India Pvt. Ltd.", "billToAddrsLine1": "Near Hari Bhoomi Press, Pachpedinaka", "billToAddrsLine2": "", "billToAddrsLine3": "", "billToState": "Chhattisgarh", "billToCity": "Raipur", "billToPostalCode": "492001", "billToPhone": "9424104951", "billToEmail": "", "billToPanNo": "AAHCS7997Q", "billToGSTIN": "22AAHCS7997Q1ZA", "shipToName": "Sumeet Synfab India Pvt. Ltd.", "shipToAddrsLine1": "Near Hari Bhoomi Press, Pachpedinaka", "shipToAddrsLine2": "", "shipToAddrsLine3": "", "shipToState": "Chhattisgarh", "shipToCity": "Raipur", "shipToPostalCode": "492001", "shipToPhone": "8770700300", "shipToEmail": "", "shipToPanNo": "AAHCS7997Q", "shipToGSTIN": "22AAHCS7997Q1ZA", "transportMode": "Road", "transporterCode": "", "transporterName": "", "vehicleRegNo": "CG04JE0417", "lrOrRrNo": "", "lrOrRrDate": null, "ewayBillNo": "", "ewayBillDatetime": null, "placeOfSupply": "Raipur", "perticulars": "", "paymentTerms": "Advance", "ticketNo": "387", "reverseTax": false, "invoiceAmount": 15616.51, "invoiceAmountWithTax": 18427.49, "paid": false, "cancelled": false, "cancelReason": "", "createdOn": "2021-08-08T07:07:14.902Z", "createdBy": "esarconcrete@gmail.com"}}, {"model": "sales.invoice", "pk": 55, "fields": {"invoiceId": "ESR/2021/00247", "soNumber": "ESO2021080013", "poNumber": "4", "deliveryDate": "2021-08-08", "customerId": "ECUS2021070001", "orgName": "ESAR Concrete", "orgAddrsLine1": "Raipur RMX Plant", "orgAddrsLine2": "Khasra No-504,", "orgAddrsLine3": "Village - Serikhedi", "orgEmail": "esarconcrete@gmail.com", "orgPhone": "+919131828800", "orgFax": "", "orgCity": "Raipur", "orgPostalCode": "492101", "orgState": "Chhattisgarh", "orgGSTIN": "22AAIFE3761A1Z0", "orgLogo": "http://192.168.1.4:8000/media/logo/esar_7UHTo3v.jpeg", "orgPanNo": "1020304050", "billToName": "Sumeet Synfab India Pvt. Ltd.", "billToAddrsLine1": "Near Hari Bhoomi Press, Pachpedinaka", "billToAddrsLine2": "", "billToAddrsLine3": "", "billToState": "Chhattisgarh", "billToCity": "Raipur", "billToPostalCode": "492001", "billToPhone": "9424104951", "billToEmail": "", "billToPanNo": "AAHCS7997Q", "billToGSTIN": "22AAHCS7997Q1ZA", "shipToName": "Sumeet Synfab India Pvt. Ltd.", "shipToAddrsLine1": "Near Hari Bhoomi Press, Pachpedinaka", "shipToAddrsLine2": "", "shipToAddrsLine3": "", "shipToState": "Chhattisgarh", "shipToCity": "Raipur", "shipToPostalCode": "492001", "shipToPhone": "8770700300", "shipToEmail": "", "shipToPanNo": "AAHCS7997Q", "shipToGSTIN": "22AAHCS7997Q1ZA", "transportMode": "Road", "transporterCode": "", "transporterName": "", "vehicleRegNo": "CG04CA2762", "lrOrRrNo": "", "lrOrRrDate": null, "ewayBillNo": "", "ewayBillDatetime": null, "placeOfSupply": "Raipur", "perticulars": "", "paymentTerms": "Advance", "ticketNo": "388", "reverseTax": false, "invoiceAmount": 15616.51, "invoiceAmountWithTax": 18427.49, "paid": false, "cancelled": false, "cancelReason": "", "createdOn": "2021-08-08T07:07:51.971Z", "createdBy": "esarconcrete@gmail.com"}}, {"model": "sales.invoice", "pk": 56, "fields": {"invoiceId": "ESR/2021/00248", "soNumber": "ESO2021080013", "poNumber": "4", "deliveryDate": "2021-08-08", "customerId": "ECUS2021070001", "orgName": "ESAR Concrete", "orgAddrsLine1": "Raipur RMX Plant", "orgAddrsLine2": "Khasra No-504,", "orgAddrsLine3": "Village - Serikhedi", "orgEmail": "esarconcrete@gmail.com", "orgPhone": "+919131828800", "orgFax": "", "orgCity": "Raipur", "orgPostalCode": "492101", "orgState": "Chhattisgarh", "orgGSTIN": "22AAIFE3761A1Z0", "orgLogo": "http://192.168.1.4:8000/media/logo/esar_7UHTo3v.jpeg", "orgPanNo": "1020304050", "billToName": "Sumeet Synfab India Pvt. Ltd.", "billToAddrsLine1": "Near Hari Bhoomi Press, Pachpedinaka", "billToAddrsLine2": "", "billToAddrsLine3": "", "billToState": "Chhattisgarh", "billToCity": "Raipur", "billToPostalCode": "492001", "billToPhone": "9424104951", "billToEmail": "", "billToPanNo": "AAHCS7997Q", "billToGSTIN": "22AAHCS7997Q1ZA", "shipToName": "Sumeet Synfab India Pvt. Ltd.", "shipToAddrsLine1": "Near Hari Bhoomi Press, Pachpedinaka", "shipToAddrsLine2": "", "shipToAddrsLine3": "", "shipToState": "Chhattisgarh", "shipToCity": "Raipur", "shipToPostalCode": "492001", "shipToPhone": "8770700300", "shipToEmail": "", "shipToPanNo": "AAHCS7997Q", "shipToGSTIN": "22AAHCS7997Q1ZA", "transportMode": "Road", "transporterCode": "", "transporterName": "", "vehicleRegNo": "CG04JD9685", "lrOrRrNo": "", "lrOrRrDate": null, "ewayBillNo": "", "ewayBillDatetime": null, "placeOfSupply": "Raipur", "perticulars": "", "paymentTerms": "Advance", "ticketNo": "389", "reverseTax": false, "invoiceAmount": 15616.51, "invoiceAmountWithTax": 18427.49, "paid": false, "cancelled": false, "cancelReason": "", "createdOn": "2021-08-08T07:08:24.069Z", "createdBy": "esarconcrete@gmail.com"}}, {"model": "sales.invoice", "pk": 57, "fields": {"invoiceId": "ESR/2021/00249", "soNumber": "ESO2021080013", "poNumber": "4", "deliveryDate": "2021-08-08", "customerId": "ECUS2021070001", "orgName": "ESAR Concrete", "orgAddrsLine1": "Raipur RMX Plant", "orgAddrsLine2": "Khasra No-504,", "orgAddrsLine3": "Village - Serikhedi", "orgEmail": "esarconcrete@gmail.com", "orgPhone": "+919131828800", "orgFax": "", "orgCity": "Raipur", "orgPostalCode": "492101", "orgState": "Chhattisgarh", "orgGSTIN": "22AAIFE3761A1Z0", "orgLogo": "http://192.168.1.4:8000/media/logo/esar_7UHTo3v.jpeg", "orgPanNo": "1020304050", "billToName": "Sumeet Synfab India Pvt. Ltd.", "billToAddrsLine1": "Near Hari Bhoomi Press, Pachpedinaka", "billToAddrsLine2": "", "billToAddrsLine3": "", "billToState": "Chhattisgarh", "billToCity": "Raipur", "billToPostalCode": "492001", "billToPhone": "9424104951", "billToEmail": "", "billToPanNo": "AAHCS7997Q", "billToGSTIN": "22AAHCS7997Q1ZA", "shipToName": "Sumeet Synfab India Pvt. Ltd.", "shipToAddrsLine1": "Near Hari Bhoomi Press, Pachpedinaka", "shipToAddrsLine2": "", "shipToAddrsLine3": "", "shipToState": "Chhattisgarh", "shipToCity": "Raipur", "shipToPostalCode": "492001", "shipToPhone": "8770700300", "shipToEmail": "", "shipToPanNo": "AAHCS7997Q", "shipToGSTIN": "22AAHCS7997Q1ZA", "transportMode": "Road", "transporterCode": "", "transporterName": "", "vehicleRegNo": "CG04JD9685", "lrOrRrNo": "", "lrOrRrDate": null, "ewayBillNo": "", "ewayBillDatetime": null, "placeOfSupply": "Raipur", "perticulars": "", "paymentTerms": "Advance", "ticketNo": "389", "reverseTax": false, "invoiceAmount": 15616.51, "invoiceAmountWithTax": 18427.49, "paid": false, "cancelled": false, "cancelReason": "", "createdOn": "2021-08-08T07:37:30Z", "createdBy": "esarconcrete@gmail.com"}}, {"model": "sales.invoice", "pk": 58, "fields": {"invoiceId": "ESR/2021/00251", "soNumber": "ESO2021080013", "poNumber": "4", "deliveryDate": "2021-08-10", "customerId": "ECUS2021070001", "orgName": "ESAR Concrete", "orgAddrsLine1": "Raipur RMX Plant", "orgAddrsLine2": "Khasra No-504,", "orgAddrsLine3": "Village - Serikhedi", "orgEmail": "esarconcrete@gmail.com", "orgPhone": "+919131828800", "orgFax": "", "orgCity": "Raipur", "orgPostalCode": "492101", "orgState": "Chhattisgarh", "orgGSTIN": "22AAIFE3761A1Z0", "orgLogo": "http://192.168.1.4:8000/media/logo/esar_7UHTo3v.jpeg", "orgPanNo": "1020304050", "billToName": "Sumeet Synfab India Pvt. Ltd.", "billToAddrsLine1": "Near Hari Bhoomi Press, Pachpedinaka", "billToAddrsLine2": "", "billToAddrsLine3": "", "billToState": "Chhattisgarh", "billToCity": "Raipur", "billToPostalCode": "492001", "billToPhone": "9424104951", "billToEmail": "", "billToPanNo": "AAHCS7997Q", "billToGSTIN": "22AAHCS7997Q1ZA", "shipToName": "Sumeet Synfab India Pvt. Ltd.", "shipToAddrsLine1": "Near Hari Bhoomi Press, Pachpedinaka", "shipToAddrsLine2": "", "shipToAddrsLine3": "", "shipToState": "Chhattisgarh", "shipToCity": "Raipur", "shipToPostalCode": "492001", "shipToPhone": "8770700300", "shipToEmail": "", "shipToPanNo": "AAHCS7997Q", "shipToGSTIN": "22AAHCS7997Q1ZA", "transportMode": "Road", "transporterCode": "", "transporterName": "", "vehicleRegNo": "CG04JE0417", "lrOrRrNo": "", "lrOrRrDate": null, "ewayBillNo": "", "ewayBillDatetime": null, "placeOfSupply": "Raipur", "perticulars": "", "paymentTerms": "Advance", "ticketNo": "404", "reverseTax": false, "invoiceAmount": 15616.51, "invoiceAmountWithTax": 18427.49, "paid": false, "cancelled": false, "cancelReason": "", "createdOn": "2021-08-10T10:47:58.345Z", "createdBy": "esarconcrete@gmail.com"}}, {"model": "sales.invoice", "pk": 59, "fields": {"invoiceId": "ESR/2021/00252", "soNumber": "ESO2021080013", "poNumber": "4", "deliveryDate": "2021-08-10", "customerId": "ECUS2021070001", "orgName": "ESAR Concrete", "orgAddrsLine1": "Raipur RMX Plant", "orgAddrsLine2": "Khasra No-504,", "orgAddrsLine3": "Village - Serikhedi", "orgEmail": "esarconcrete@gmail.com", "orgPhone": "+919131828800", "orgFax": "", "orgCity": "Raipur", "orgPostalCode": "492101", "orgState": "Chhattisgarh", "orgGSTIN": "22AAIFE3761A1Z0", "orgLogo": "http://192.168.1.4:8000/media/logo/esar_7UHTo3v.jpeg", "orgPanNo": "1020304050", "billToName": "Sumeet Synfab India Pvt. Ltd.", "billToAddrsLine1": "Near Hari Bhoomi Press, Pachpedinaka", "billToAddrsLine2": "", "billToAddrsLine3": "", "billToState": "Chhattisgarh", "billToCity": "Raipur", "billToPostalCode": "492001", "billToPhone": "9424104951", "billToEmail": "", "billToPanNo": "AAHCS7997Q", "billToGSTIN": "22AAHCS7997Q1ZA", "shipToName": "Sumeet Synfab India Pvt. Ltd.", "shipToAddrsLine1": "Near Hari Bhoomi Press, Pachpedinaka", "shipToAddrsLine2": "", "shipToAddrsLine3": "", "shipToState": "Chhattisgarh", "shipToCity": "Raipur", "shipToPostalCode": "492001", "shipToPhone": "8770700300", "shipToEmail": "", "shipToPanNo": "AAHCS7997Q", "shipToGSTIN": "22AAHCS7997Q1ZA", "transportMode": "Road", "transporterCode": "", "transporterName": "", "vehicleRegNo": "CG04JD3866", "lrOrRrNo": "", "lrOrRrDate": null, "ewayBillNo": "", "ewayBillDatetime": null, "placeOfSupply": "Raipur", "perticulars": "", "paymentTerms": "Advance", "ticketNo": "409", "reverseTax": false, "invoiceAmount": 15616.51, "invoiceAmountWithTax": 18427.49, "paid": false, "cancelled": false, "cancelReason": "", "createdOn": "2021-08-10T10:48:18.248Z", "createdBy": "esarconcrete@gmail.com"}}, {"model": "sales.invoice", "pk": 60, "fields": {"invoiceId": "ESR/2021/00253", "soNumber": "ESO2021080014", "poNumber": "1", "deliveryDate": "2021-08-10", "customerId": "ECUS2021080011", "orgName": "ESAR Concrete", "orgAddrsLine1": "Raipur RMX Plant", "orgAddrsLine2": "Khasra No-504,", "orgAddrsLine3": "Village - Serikhedi", "orgEmail": "esarconcrete@gmail.com", "orgPhone": "+919131828800", "orgFax": "", "orgCity": "Raipur", "orgPostalCode": "492101", "orgState": "Chhattisgarh", "orgGSTIN": "22AAIFE3761A1Z0", "orgLogo": "http://192.168.1.4:8000/media/logo/esar_7UHTo3v.jpeg", "orgPanNo": "1020304050", "billToName": "A-Kuber Infrastructure", "billToAddrsLine1": "16/643, Near Vitthal Mandir", "billToAddrsLine2": "Phool Chowk", "billToAddrsLine3": "New Bazar", "billToState": "Chhattisgarh", "billToCity": "Raipur", "billToPostalCode": "492001", "billToPhone": "9827111645", "billToEmail": "", "billToPanNo": "ALOPK2686D", "billToGSTIN": "22ALOPK2686D1Z4", "shipToName": "A-Kuber Infrastructure", "shipToAddrsLine1": "Birgaon", "shipToAddrsLine2": "", "shipToAddrsLine3": "", "shipToState": "Chhattisgarh", "shipToCity": "Raipur", "shipToPostalCode": "492001", "shipToPhone": "9827111645", "shipToEmail": "", "shipToPanNo": "ALOPK2686D", "shipToGSTIN": "22ALOPK2686D1Z4", "transportMode": "Road", "transporterCode": "", "transporterName": "", "vehicleRegNo": "CG04JD9685", "lrOrRrNo": "", "lrOrRrDate": null, "ewayBillNo": "", "ewayBillDatetime": null, "placeOfSupply": "Raipur", "perticulars": "", "paymentTerms": "Advance", "ticketNo": "411", "reverseTax": false, "invoiceAmount": 19830.52, "invoiceAmountWithTax": 23400.02, "paid": false, "cancelled": false, "cancelReason": "", "createdOn": "2021-08-10T17:18:19.870Z", "createdBy": "esarconcrete@gmail.com"}}, {"model": "sales.invoice", "pk": 61, "fields": {"invoiceId": "ESR/2021/00254", "soNumber": "ESO2021080013", "poNumber": "4", "deliveryDate": "2021-08-11", "customerId": "ECUS2021070001", "orgName": "ESAR Concrete", "orgAddrsLine1": "Raipur RMX Plant", "orgAddrsLine2": "Khasra No-504,", "orgAddrsLine3": "Village - Serikhedi", "orgEmail": "esarconcrete@gmail.com", "orgPhone": "+919131828800", "orgFax": "", "orgCity": "Raipur", "orgPostalCode": "492101", "orgState": "Chhattisgarh", "orgGSTIN": "22AAIFE3761A1Z0", "orgLogo": "http://192.168.1.4:8000/media/logo/esar_7UHTo3v.jpeg", "orgPanNo": "1020304050", "billToName": "Sumeet Synfab India Pvt. Ltd.", "billToAddrsLine1": "Near Hari Bhoomi Press, Pachpedinaka", "billToAddrsLine2": "", "billToAddrsLine3": "", "billToState": "Chhattisgarh", "billToCity": "Raipur", "billToPostalCode": "492001", "billToPhone": "9424104951", "billToEmail": "", "billToPanNo": "AAHCS7997Q", "billToGSTIN": "22AAHCS7997Q1ZA", "shipToName": "Sumeet Synfab India Pvt. Ltd.", "shipToAddrsLine1": "Near Hari Bhoomi Press, Pachpedinaka", "shipToAddrsLine2": "", "shipToAddrsLine3": "", "shipToState": "Chhattisgarh", "shipToCity": "Raipur", "shipToPostalCode": "492001", "shipToPhone": "8770700300", "shipToEmail": "", "shipToPanNo": "AAHCS7997Q", "shipToGSTIN": "22AAHCS7997Q1ZA", "transportMode": "Road", "transporterCode": "", "transporterName": "", "vehicleRegNo": "CG04JE0417", "lrOrRrNo": "", "lrOrRrDate": null, "ewayBillNo": "", "ewayBillDatetime": null, "placeOfSupply": "Raipur", "perticulars": "", "paymentTerms": "Advance", "ticketNo": "413", "reverseTax": false, "invoiceAmount": 15616.51, "invoiceAmountWithTax": 18427.49, "paid": false, "cancelled": false, "cancelReason": "", "createdOn": "2021-08-11T06:03:53.623Z", "createdBy": "esarconcrete@gmail.com"}}, {"model": "sales.invoice", "pk": 62, "fields": {"invoiceId": "ESR/2021/00255", "soNumber": "ESO2021080013", "poNumber": "4", "deliveryDate": "2021-08-11", "customerId": "ECUS2021070001", "orgName": "ESAR Concrete", "orgAddrsLine1": "Raipur RMX Plant", "orgAddrsLine2": "Khasra No-504,", "orgAddrsLine3": "Village - Serikhedi", "orgEmail": "esarconcrete@gmail.com", "orgPhone": "+919131828800", "orgFax": "", "orgCity": "Raipur", "orgPostalCode": "492101", "orgState": "Chhattisgarh", "orgGSTIN": "22AAIFE3761A1Z0", "orgLogo": "http://192.168.1.4:8000/media/logo/esar_7UHTo3v.jpeg", "orgPanNo": "1020304050", "billToName": "Sumeet Synfab India Pvt. Ltd.", "billToAddrsLine1": "Near Hari Bhoomi Press, Pachpedinaka", "billToAddrsLine2": "", "billToAddrsLine3": "", "billToState": "Chhattisgarh", "billToCity": "Raipur", "billToPostalCode": "492001", "billToPhone": "9424104951", "billToEmail": "", "billToPanNo": "AAHCS7997Q", "billToGSTIN": "22AAHCS7997Q1ZA", "shipToName": "Sumeet Synfab India Pvt. Ltd.", "shipToAddrsLine1": "Near Hari Bhoomi Press, Pachpedinaka", "shipToAddrsLine2": "", "shipToAddrsLine3": "", "shipToState": "Chhattisgarh", "shipToCity": "Raipur", "shipToPostalCode": "492001", "shipToPhone": "8770700300", "shipToEmail": "", "shipToPanNo": "AAHCS7997Q", "shipToGSTIN": "22AAHCS7997Q1ZA", "transportMode": "Road", "transporterCode": "", "transporterName": "", "vehicleRegNo": "CG04JD3866", "lrOrRrNo": "", "lrOrRrDate": null, "ewayBillNo": "", "ewayBillDatetime": null, "placeOfSupply": "Raipur", "perticulars": "", "paymentTerms": "Advance", "ticketNo": "415", "reverseTax": false, "invoiceAmount": 15616.51, "invoiceAmountWithTax": 18427.49, "paid": false, "cancelled": false, "cancelReason": "", "createdOn": "2021-08-11T06:09:58.217Z", "createdBy": "esarconcrete@gmail.com"}}, {"model": "sales.invoice", "pk": 63, "fields": {"invoiceId": "ESR/2021/00256", "soNumber": "ESO2021080017", "poNumber": "4", "deliveryDate": "2021-08-11", "customerId": "ECUS2021070001", "orgName": "ESAR Concrete", "orgAddrsLine1": "Raipur RMX Plant", "orgAddrsLine2": "Khasra No-504,", "orgAddrsLine3": "Village - Serikhedi", "orgEmail": "esarconcrete@gmail.com", "orgPhone": "+919131828800", "orgFax": "", "orgCity": "Raipur", "orgPostalCode": "492101", "orgState": "Chhattisgarh", "orgGSTIN": "22AAIFE3761A1Z0", "orgLogo": "http://192.168.1.4:8000/media/logo/esar_7UHTo3v.jpeg", "orgPanNo": "1020304050", "billToName": "Sumeet Synfab India Pvt. Ltd.", "billToAddrsLine1": "Near Hari Bhoomi Press, Pachpedinaka", "billToAddrsLine2": "", "billToAddrsLine3": "", "billToState": "Chhattisgarh", "billToCity": "Raipur", "billToPostalCode": "492001", "billToPhone": "9424104951", "billToEmail": "", "billToPanNo": "AAHCS7997Q", "billToGSTIN": "22AAHCS7997Q1ZA", "shipToName": "Sumeet Synfab India Pvt. Ltd.", "shipToAddrsLine1": "Near Hari Bhoomi Press, Pachpedinaka", "shipToAddrsLine2": "", "shipToAddrsLine3": "", "shipToState": "Chhattisgarh", "shipToCity": "Raipur", "shipToPostalCode": "492001", "shipToPhone": "8770700300", "shipToEmail": "", "shipToPanNo": "AAHCS7997Q", "shipToGSTIN": "22AAHCS7997Q1ZA", "transportMode": "Road", "transporterCode": "", "transporterName": "", "vehicleRegNo": "CG04CA2762", "lrOrRrNo": "", "lrOrRrDate": null, "ewayBillNo": "", "ewayBillDatetime": null, "placeOfSupply": "Raipur", "perticulars": "", "paymentTerms": "Advance", "ticketNo": "416", "reverseTax": false, "invoiceAmount": 15616.51, "invoiceAmountWithTax": 18427.49, "paid": false, "cancelled": false, "cancelReason": "", "createdOn": "2021-08-11T09:54:26.351Z", "createdBy": "esarconcrete@gmail.com"}}, {"model": "sales.invoice", "pk": 64, "fields": {"invoiceId": "ESR/2021/00257", "soNumber": "ESO2021080014", "poNumber": "1", "deliveryDate": "2021-08-11", "customerId": "ECUS2021080011", "orgName": "ESAR Concrete", "orgAddrsLine1": "Raipur RMX Plant", "orgAddrsLine2": "Khasra No-504,", "orgAddrsLine3": "Village - Serikhedi", "orgEmail": "esarconcrete@gmail.com", "orgPhone": "+919131828800", "orgFax": "", "orgCity": "Raipur", "orgPostalCode": "492101", "orgState": "Chhattisgarh", "orgGSTIN": "22AAIFE3761A1Z0", "orgLogo": "http://192.168.1.4:8000/media/logo/esar_7UHTo3v.jpeg", "orgPanNo": "1020304050", "billToName": "A-Kuber Infrastructure", "billToAddrsLine1": "16/643, Near Vitthal Mandir", "billToAddrsLine2": "Phool Chowk", "billToAddrsLine3": "New Bazar", "billToState": "Chhattisgarh", "billToCity": "Raipur", "billToPostalCode": "492001", "billToPhone": "9827111645", "billToEmail": "", "billToPanNo": "ALOPK2686D", "billToGSTIN": "22ALOPK2686D1Z4", "shipToName": "A-Kuber Infrastructure", "shipToAddrsLine1": "Birgaon", "shipToAddrsLine2": "", "shipToAddrsLine3": "", "shipToState": "Chhattisgarh", "shipToCity": "Raipur", "shipToPostalCode": "492001", "shipToPhone": "9827111645", "shipToEmail": "", "shipToPanNo": "ALOPK2686D", "shipToGSTIN": "22ALOPK2686D1Z4", "transportMode": "Road", "transporterCode": "", "transporterName": "", "vehicleRegNo": "CG04JD9685", "lrOrRrNo": "", "lrOrRrDate": null, "ewayBillNo": "", "ewayBillDatetime": null, "placeOfSupply": "Raipur", "perticulars": "", "paymentTerms": "Advance", "ticketNo": "417", "reverseTax": false, "invoiceAmount": 19830.52, "invoiceAmountWithTax": 23400.02, "paid": false, "cancelled": false, "cancelReason": "", "createdOn": "2021-08-11T10:12:05.733Z", "createdBy": "esarconcrete@gmail.com"}}, {"model": "sales.invoice", "pk": 65, "fields": {"invoiceId": "ESR/2021/00258", "soNumber": "ESO2021080017", "poNumber": "4", "deliveryDate": "2021-08-11", "customerId": "ECUS2021070001", "orgName": "ESAR Concrete", "orgAddrsLine1": "Raipur RMX Plant", "orgAddrsLine2": "Khasra No-504,", "orgAddrsLine3": "Village - Serikhedi", "orgEmail": "esarconcrete@gmail.com", "orgPhone": "+919131828800", "orgFax": "", "orgCity": "Raipur", "orgPostalCode": "492101", "orgState": "Chhattisgarh", "orgGSTIN": "22AAIFE3761A1Z0", "orgLogo": "http://192.168.1.4:8000/media/logo/esar_7UHTo3v.jpeg", "orgPanNo": "1020304050", "billToName": "Sumeet Synfab India Pvt. Ltd.", "billToAddrsLine1": "Near Hari Bhoomi Press, Pachpedinaka", "billToAddrsLine2": "", "billToAddrsLine3": "", "billToState": "Chhattisgarh", "billToCity": "Raipur", "billToPostalCode": "492001", "billToPhone": "9424104951", "billToEmail": "", "billToPanNo": "AAHCS7997Q", "billToGSTIN": "22AAHCS7997Q1ZA", "shipToName": "Sumeet Synfab India Pvt. Ltd.", "shipToAddrsLine1": "Near Hari Bhoomi Press, Pachpedinaka", "shipToAddrsLine2": "", "shipToAddrsLine3": "", "shipToState": "Chhattisgarh", "shipToCity": "Raipur", "shipToPostalCode": "492001", "shipToPhone": "8770700300", "shipToEmail": "", "shipToPanNo": "AAHCS7997Q", "shipToGSTIN": "22AAHCS7997Q1ZA", "transportMode": "Road", "transporterCode": "", "transporterName": "", "vehicleRegNo": "CG04JD3866", "lrOrRrNo": "", "lrOrRrDate": null, "ewayBillNo": "", "ewayBillDatetime": null, "placeOfSupply": "Raipur", "perticulars": "", "paymentTerms": "Advance", "ticketNo": "420", "reverseTax": false, "invoiceAmount": 15616.51, "invoiceAmountWithTax": 18427.49, "paid": false, "cancelled": false, "cancelReason": "", "createdOn": "2021-08-11T11:31:33.323Z", "createdBy": "esarconcrete@gmail.com"}}, {"model": "sales.invoice", "pk": 66, "fields": {"invoiceId": "ESR/2021/00259", "soNumber": "ESO2021080003", "poNumber": "5", "deliveryDate": "2021-08-12", "customerId": "ECUS2021070001", "orgName": "ESAR Concrete", "orgAddrsLine1": "Raipur RMX Plant", "orgAddrsLine2": "Khasra No-504,", "orgAddrsLine3": "Village - Serikhedi", "orgEmail": "esarconcrete@gmail.com", "orgPhone": "+919131828800", "orgFax": "", "orgCity": "Raipur", "orgPostalCode": "492101", "orgState": "Chhattisgarh", "orgGSTIN": "22AAIFE3761A1Z0", "orgLogo": "http://localhost:8000/media/logo/esar_7UHTo3v.jpeg", "orgPanNo": "1020304050", "billToName": "Sumeet Synfab India Pvt. Ltd.", "billToAddrsLine1": "Near Hari Bhoomi Press, Pachpedinaka", "billToAddrsLine2": "", "billToAddrsLine3": "", "billToState": "Chhattisgarh", "billToCity": "Raipur", "billToPostalCode": "492001", "billToPhone": "9424104951", "billToEmail": "", "billToPanNo": "AAHCS7997Q", "billToGSTIN": "22AAHCS7997Q1ZA", "shipToName": "Sumeet Synfab India Pvt. Ltd.", "shipToAddrsLine1": "Near Hari Bhoomi Press, Pachpedinaka", "shipToAddrsLine2": "", "shipToAddrsLine3": "", "shipToState": "Chhattisgarh", "shipToCity": "Raipur", "shipToPostalCode": "492001", "shipToPhone": "8770700300", "shipToEmail": "", "shipToPanNo": "AAHCS7997Q", "shipToGSTIN": "22AAHCS7997Q1ZA", "transportMode": "Road", "transporterCode": "", "transporterName": "", "vehicleRegNo": "CG04JD9685", "lrOrRrNo": "", "lrOrRrDate": null, "ewayBillNo": "", "ewayBillDatetime": null, "placeOfSupply": "Raipur", "perticulars": "", "paymentTerms": "Advance", "ticketNo": "422", "reverseTax": false, "invoiceAmount": 16431.74, "invoiceAmountWithTax": 19389.46, "paid": false, "cancelled": false, "cancelReason": "", "createdOn": "2021-08-12T04:53:12.243Z", "createdBy": "esarconcrete@gmail.com"}}, {"model": "sales.invoice", "pk": 67, "fields": {"invoiceId": "ESR/2021/00260", "soNumber": "ESO2021080017", "poNumber": "4", "deliveryDate": "2021-08-12", "customerId": "ECUS2021070001", "orgName": "ESAR Concrete", "orgAddrsLine1": "Raipur RMX Plant", "orgAddrsLine2": "Khasra No-504,", "orgAddrsLine3": "Village - Serikhedi", "orgEmail": "esarconcrete@gmail.com", "orgPhone": "+919131828800", "orgFax": "", "orgCity": "Raipur", "orgPostalCode": "492101", "orgState": "Chhattisgarh", "orgGSTIN": "22AAIFE3761A1Z0", "orgLogo": "http://192.168.1.4:8000/media/logo/esar_7UHTo3v.jpeg", "orgPanNo": "1020304050", "billToName": "Sumeet Synfab India Pvt. Ltd.", "billToAddrsLine1": "Near Hari Bhoomi Press, Pachpedinaka", "billToAddrsLine2": "", "billToAddrsLine3": "", "billToState": "Chhattisgarh", "billToCity": "Raipur", "billToPostalCode": "492001", "billToPhone": "9424104951", "billToEmail": "", "billToPanNo": "AAHCS7997Q", "billToGSTIN": "22AAHCS7997Q1ZA", "shipToName": "Sumeet Synfab India Pvt. Ltd.", "shipToAddrsLine1": "Near Hari Bhoomi Press, Pachpedinaka", "shipToAddrsLine2": "", "shipToAddrsLine3": "", "shipToState": "Chhattisgarh", "shipToCity": "Raipur", "shipToPostalCode": "492001", "shipToPhone": "8770700300", "shipToEmail": "", "shipToPanNo": "AAHCS7997Q", "shipToGSTIN": "22AAHCS7997Q1ZA", "transportMode": "Road", "transporterCode": "", "transporterName": "", "vehicleRegNo": "CG04CA2762", "lrOrRrNo": "", "lrOrRrDate": null, "ewayBillNo": "", "ewayBillDatetime": null, "placeOfSupply": "Raipur", "perticulars": "", "paymentTerms": "Advance", "ticketNo": "424", "reverseTax": false, "invoiceAmount": 15616.51, "invoiceAmountWithTax": 18427.49, "paid": false, "cancelled": false, "cancelReason": "", "createdOn": "2021-08-12T04:55:09.368Z", "createdBy": "esarconcrete@gmail.com"}}, {"model": "sales.invoice", "pk": 68, "fields": {"invoiceId": "ESR/2021/00261", "soNumber": "ESO2021080017", "poNumber": "4", "deliveryDate": "2021-08-12", "customerId": "ECUS2021070001", "orgName": "ESAR Concrete", "orgAddrsLine1": "Raipur RMX Plant", "orgAddrsLine2": "Khasra No-504,", "orgAddrsLine3": "Village - Serikhedi", "orgEmail": "esarconcrete@gmail.com", "orgPhone": "+919131828800", "orgFax": "", "orgCity": "Raipur", "orgPostalCode": "492101", "orgState": "Chhattisgarh", "orgGSTIN": "22AAIFE3761A1Z0", "orgLogo": "http://192.168.1.4:8000/media/logo/esar_7UHTo3v.jpeg", "orgPanNo": "1020304050", "billToName": "Sumeet Synfab India Pvt. Ltd.", "billToAddrsLine1": "Near Hari Bhoomi Press, Pachpedinaka", "billToAddrsLine2": "", "billToAddrsLine3": "", "billToState": "Chhattisgarh", "billToCity": "Raipur", "billToPostalCode": "492001", "billToPhone": "9424104951", "billToEmail": "", "billToPanNo": "AAHCS7997Q", "billToGSTIN": "22AAHCS7997Q1ZA", "shipToName": "Sumeet Synfab India Pvt. Ltd.", "shipToAddrsLine1": "Near Hari Bhoomi Press, Pachpedinaka", "shipToAddrsLine2": "", "shipToAddrsLine3": "", "shipToState": "Chhattisgarh", "shipToCity": "Raipur", "shipToPostalCode": "492001", "shipToPhone": "8770700300", "shipToEmail": "", "shipToPanNo": "AAHCS7997Q", "shipToGSTIN": "22AAHCS7997Q1ZA", "transportMode": "Road", "transporterCode": "", "transporterName": "", "vehicleRegNo": "CG04JE0417", "lrOrRrNo": "", "lrOrRrDate": null, "ewayBillNo": "", "ewayBillDatetime": null, "placeOfSupply": "Raipur", "perticulars": "", "paymentTerms": "Advance", "ticketNo": "426", "reverseTax": false, "invoiceAmount": 15616.51, "invoiceAmountWithTax": 18427.49, "paid": false, "cancelled": false, "cancelReason": "", "createdOn": "2021-08-12T09:36:24.330Z", "createdBy": "esarconcrete@gmail.com"}}, {"model": "sales.invoice", "pk": 69, "fields": {"invoiceId": "ESR/2021/00262", "soNumber": "ESO2021080017", "poNumber": "4", "deliveryDate": "2021-08-12", "customerId": "ECUS2021070001", "orgName": "ESAR Concrete", "orgAddrsLine1": "Raipur RMX Plant", "orgAddrsLine2": "Khasra No-504,", "orgAddrsLine3": "Village - Serikhedi", "orgEmail": "esarconcrete@gmail.com", "orgPhone": "+919131828800", "orgFax": "", "orgCity": "Raipur", "orgPostalCode": "492101", "orgState": "Chhattisgarh", "orgGSTIN": "22AAIFE3761A1Z0", "orgLogo": "http://192.168.1.4:8000/media/logo/esar_7UHTo3v.jpeg", "orgPanNo": "1020304050", "billToName": "Sumeet Synfab India Pvt. Ltd.", "billToAddrsLine1": "Near Hari Bhoomi Press, Pachpedinaka", "billToAddrsLine2": "", "billToAddrsLine3": "", "billToState": "Chhattisgarh", "billToCity": "Raipur", "billToPostalCode": "492001", "billToPhone": "9424104951", "billToEmail": "", "billToPanNo": "AAHCS7997Q", "billToGSTIN": "22AAHCS7997Q1ZA", "shipToName": "Sumeet Synfab India Pvt. Ltd.", "shipToAddrsLine1": "Near Hari Bhoomi Press, Pachpedinaka", "shipToAddrsLine2": "", "shipToAddrsLine3": "", "shipToState": "Chhattisgarh", "shipToCity": "Raipur", "shipToPostalCode": "492001", "shipToPhone": "8770700300", "shipToEmail": "", "shipToPanNo": "AAHCS7997Q", "shipToGSTIN": "22AAHCS7997Q1ZA", "transportMode": "Road", "transporterCode": "", "transporterName": "", "vehicleRegNo": "CG04JD3866", "lrOrRrNo": "", "lrOrRrDate": null, "ewayBillNo": "", "ewayBillDatetime": null, "placeOfSupply": "Raipur", "perticulars": "", "paymentTerms": "Advance", "ticketNo": "428", "reverseTax": false, "invoiceAmount": 9610.16, "invoiceAmountWithTax": 11339.98, "paid": false, "cancelled": false, "cancelReason": "", "createdOn": "2021-08-12T11:25:39.292Z", "createdBy": "esarconcrete@gmail.com"}}, {"model": "sales.invoice", "pk": 70, "fields": {"invoiceId": "ESR/2021/00263", "soNumber": "ESO2021080020", "poNumber": "1", "deliveryDate": "2021-08-13", "customerId": "ECUS2021080012", "orgName": "ESAR Concrete", "orgAddrsLine1": "Raipur RMX Plant", "orgAddrsLine2": "Khasra No-504,", "orgAddrsLine3": "Village - Serikhedi", "orgEmail": "esarconcrete@gmail.com", "orgPhone": "+919131828800", "orgFax": "", "orgCity": "Raipur", "orgPostalCode": "492101", "orgState": "Chhattisgarh", "orgGSTIN": "22AAIFE3761A1Z0", "orgLogo": "http://192.168.1.4:8000/media/logo/esar_7UHTo3v.jpeg", "orgPanNo": "1020304050", "billToName": "Pearl Infraventures", "billToAddrsLine1": "Near OM Society", "billToAddrsLine2": "Sundar Nagar", "billToAddrsLine3": "", "billToState": "Chhattisgarh", "billToCity": "Raipur", "billToPostalCode": "492001", "billToPhone": "8962011223", "billToEmail": "pearlinfra2019@gmail.com", "billToPanNo": "AQGPP2671L", "billToGSTIN": "22AQGPP2671L2ZM", "shipToName": "Pearl Infraventures", "shipToAddrsLine1": "Ananta", "shipToAddrsLine2": "Fundhar", "shipToAddrsLine3": "", "shipToState": "Chhattisgarh", "shipToCity": "Raipur", "shipToPostalCode": "492001", "shipToPhone": "8962011223", "shipToEmail": "pearlinfra2019@gmail.com", "shipToPanNo": "AQGPP2671L", "shipToGSTIN": "22AQGPP2671L2ZM", "transportMode": "Road", "transporterCode": "", "transporterName": "", "vehicleRegNo": "CG04JD9685", "lrOrRrNo": "", "lrOrRrDate": null, "ewayBillNo": "", "ewayBillDatetime": null, "placeOfSupply": "Raipur", "perticulars": "", "paymentTerms": "Advance", "ticketNo": "429", "reverseTax": false, "invoiceAmount": 19720.35, "invoiceAmountWithTax": 23270.01, "paid": false, "cancelled": false, "cancelReason": "", "createdOn": "2021-08-13T04:47:14.335Z", "createdBy": "esarconcrete@gmail.com"}}, {"model": "sales.invoice", "pk": 71, "fields": {"invoiceId": "ESR/2021/00264", "soNumber": "ESO2021080020", "poNumber": "1", "deliveryDate": "2021-08-13", "customerId": "ECUS2021080012", "orgName": "ESAR Concrete", "orgAddrsLine1": "Raipur RMX Plant", "orgAddrsLine2": "Khasra No-504,", "orgAddrsLine3": "Village - Serikhedi", "orgEmail": "esarconcrete@gmail.com", "orgPhone": "+919131828800", "orgFax": "", "orgCity": "Raipur", "orgPostalCode": "492101", "orgState": "Chhattisgarh", "orgGSTIN": "22AAIFE3761A1Z0", "orgLogo": "http://192.168.1.4:8000/media/logo/esar_7UHTo3v.jpeg", "orgPanNo": "1020304050", "billToName": "Pearl Infraventures", "billToAddrsLine1": "Near OM Society", "billToAddrsLine2": "Sundar Nagar", "billToAddrsLine3": "", "billToState": "Chhattisgarh", "billToCity": "Raipur", "billToPostalCode": "492001", "billToPhone": "8962011223", "billToEmail": "pearlinfra2019@gmail.com", "billToPanNo": "AQGPP2671L", "billToGSTIN": "22AQGPP2671L2ZM", "shipToName": "Pearl Infraventures", "shipToAddrsLine1": "Ananta", "shipToAddrsLine2": "Fundhar", "shipToAddrsLine3": "", "shipToState": "Chhattisgarh", "shipToCity": "Raipur", "shipToPostalCode": "492001", "shipToPhone": "8962011223", "shipToEmail": "pearlinfra2019@gmail.com", "shipToPanNo": "AQGPP2671L", "shipToGSTIN": "22AQGPP2671L2ZM", "transportMode": "Road", "transporterCode": "", "transporterName": "", "vehicleRegNo": "CG04JE0417", "lrOrRrNo": "", "lrOrRrDate": null, "ewayBillNo": "", "ewayBillDatetime": null, "placeOfSupply": "Raipur", "perticulars": "", "paymentTerms": "Advance", "ticketNo": "430", "reverseTax": false, "invoiceAmount": 19720.35, "invoiceAmountWithTax": 23270.01, "paid": false, "cancelled": false, "cancelReason": "", "createdOn": "2021-08-13T04:52:51.733Z", "createdBy": "esarconcrete@gmail.com"}}, {"model": "sales.invoice", "pk": 72, "fields": {"invoiceId": "ESR/2021/00265", "soNumber": "ESO2021080020", "poNumber": "1", "deliveryDate": "2021-08-13", "customerId": "ECUS2021080012", "orgName": "ESAR Concrete", "orgAddrsLine1": "Raipur RMX Plant", "orgAddrsLine2": "Khasra No-504,", "orgAddrsLine3": "Village - Serikhedi", "orgEmail": "esarconcrete@gmail.com", "orgPhone": "+919131828800", "orgFax": "", "orgCity": "Raipur", "orgPostalCode": "492101", "orgState": "Chhattisgarh", "orgGSTIN": "22AAIFE3761A1Z0", "orgLogo": "http://192.168.1.4:8000/media/logo/esar_7UHTo3v.jpeg", "orgPanNo": "1020304050", "billToName": "Pearl Infraventures", "billToAddrsLine1": "Near OM Society", "billToAddrsLine2": "Sundar Nagar", "billToAddrsLine3": "", "billToState": "Chhattisgarh", "billToCity": "Raipur", "billToPostalCode": "492001", "billToPhone": "8962011223", "billToEmail": "pearlinfra2019@gmail.com", "billToPanNo": "AQGPP2671L", "billToGSTIN": "22AQGPP2671L2ZM", "shipToName": "Pearl Infraventures", "shipToAddrsLine1": "Ananta", "shipToAddrsLine2": "Fundhar", "shipToAddrsLine3": "", "shipToState": "Chhattisgarh", "shipToCity": "Raipur", "shipToPostalCode": "492001", "shipToPhone": "8962011223", "shipToEmail": "pearlinfra2019@gmail.com", "shipToPanNo": "AQGPP2671L", "shipToGSTIN": "22AQGPP2671L2ZM", "transportMode": "Road", "transporterCode": "", "transporterName": "", "vehicleRegNo": "CG04CA2762", "lrOrRrNo": "", "lrOrRrDate": null, "ewayBillNo": "", "ewayBillDatetime": null, "placeOfSupply": "Raipur", "perticulars": "", "paymentTerms": "Advance", "ticketNo": "431", "reverseTax": false, "invoiceAmount": 19720.35, "invoiceAmountWithTax": 23270.01, "paid": false, "cancelled": false, "cancelReason": "", "createdOn": "2021-08-13T06:26:44.200Z", "createdBy": "esarconcrete@gmail.com"}}, {"model": "sales.invoice", "pk": 73, "fields": {"invoiceId": "ESR/2021/00266", "soNumber": "ESO2021080020", "poNumber": "1", "deliveryDate": "2021-08-13", "customerId": "ECUS2021080012", "orgName": "ESAR Concrete", "orgAddrsLine1": "Raipur RMX Plant", "orgAddrsLine2": "Khasra No-504,", "orgAddrsLine3": "Village - Serikhedi", "orgEmail": "esarconcrete@gmail.com", "orgPhone": "+919131828800", "orgFax": "", "orgCity": "Raipur", "orgPostalCode": "492101", "orgState": "Chhattisgarh", "orgGSTIN": "22AAIFE3761A1Z0", "orgLogo": "http://192.168.1.4:8000/media/logo/esar_7UHTo3v.jpeg", "orgPanNo": "1020304050", "billToName": "Pearl Infraventures", "billToAddrsLine1": "Near OM Society", "billToAddrsLine2": "Sundar Nagar", "billToAddrsLine3": "", "billToState": "Chhattisgarh", "billToCity": "Raipur", "billToPostalCode": "492001", "billToPhone": "8962011223", "billToEmail": "pearlinfra2019@gmail.com", "billToPanNo": "AQGPP2671L", "billToGSTIN": "22AQGPP2671L2ZM", "shipToName": "Pearl Infraventures", "shipToAddrsLine1": "Ananta", "shipToAddrsLine2": "Fundhar", "shipToAddrsLine3": "", "shipToState": "Chhattisgarh", "shipToCity": "Raipur", "shipToPostalCode": "492001", "shipToPhone": "8962011223", "shipToEmail": "pearlinfra2019@gmail.com", "shipToPanNo": "AQGPP2671L", "shipToGSTIN": "22AQGPP2671L2ZM", "transportMode": "Road", "transporterCode": "", "transporterName": "", "vehicleRegNo": "CG04JD3866", "lrOrRrNo": "", "lrOrRrDate": null, "ewayBillNo": "", "ewayBillDatetime": null, "placeOfSupply": "Raipur", "perticulars": "", "paymentTerms": "Advance", "ticketNo": "432", "reverseTax": false, "invoiceAmount": 19720.35, "invoiceAmountWithTax": 23270.01, "paid": false, "cancelled": false, "cancelReason": "", "createdOn": "2021-08-13T06:54:28.062Z", "createdBy": "esarconcrete@gmail.com"}}, {"model": "sales.invoiceproductline", "pk": 3, "fields": {"invoice": 3, "invProdCode": "PROD070003", "invProdName": "M30 (Free Cement)-Pump", "invProdDescription": "M30 (Free Cement)-Pump", "invProdHsnCode": "38245010", "invProdUom": "M3", "invProdQty": 6.5, "invProdRate": 2118.64, "invProdLineAmount": 13771.16}}, {"model": "sales.invoiceproductline", "pk": 4, "fields": {"invoice": 4, "invProdCode": "PROD070003", "invProdName": "M30 (Free Cement)-Pump", "invProdDescription": "M30 (Free Cement)-Pump", "invProdHsnCode": "38245010", "invProdUom": "M3", "invProdQty": 6.5, "invProdRate": 2118.64, "invProdLineAmount": 13771.16}}, {"model": "sales.invoiceproductline", "pk": 5, "fields": {"invoice": 5, "invProdCode": "PROD070003", "invProdName": "M30 (Free Cement)-Pump", "invProdDescription": "M30 (Free Cement)-Pump", "invProdHsnCode": "38245010", "invProdUom": "M3", "invProdQty": 6.5, "invProdRate": 2118.64, "invProdLineAmount": 13771.16}}, {"model": "sales.invoiceproductline", "pk": 6, "fields": {"invoice": 6, "invProdCode": "PROD070003", "invProdName": "M30 (Free Cement)-Pump", "invProdDescription": "M30 (Free Cement)-Pump", "invProdHsnCode": "38245010", "invProdUom": "M3", "invProdQty": 6.5, "invProdRate": 2118.64, "invProdLineAmount": 13771.16}}, {"model": "sales.invoiceproductline", "pk": 7, "fields": {"invoice": 7, "invProdCode": "PROD070003", "invProdName": "M30 (Free Cement)-Pump", "invProdDescription": "M30 (Free Cement)-Pump", "invProdHsnCode": "38245010", "invProdUom": "M3", "invProdQty": 4.0, "invProdRate": 2118.64, "invProdLineAmount": 8474.56}}, {"model": "sales.invoiceproductline", "pk": 8, "fields": {"invoice": 8, "invProdCode": "PROD080004", "invProdName": "M30-PUMP", "invProdDescription": "M30 PUMP", "invProdHsnCode": "38245010", "invProdUom": "M3", "invProdQty": 6.5, "invProdRate": 2402.54, "invProdLineAmount": 15616.51}}, {"model": "sales.invoiceproductline", "pk": 9, "fields": {"invoice": 9, "invProdCode": "PROD080004", "invProdName": "M30-PUMP", "invProdDescription": "M30 PUMP", "invProdHsnCode": "38245010", "invProdUom": "M3", "invProdQty": 6.5, "invProdRate": 2402.54, "invProdLineAmount": 15616.51}}, {"model": "sales.invoiceproductline", "pk": 11, "fields": {"invoice": 11, "invProdCode": "PROD080004", "invProdName": "M30-PUMP", "invProdDescription": "M30 PUMP", "invProdHsnCode": "38245010", "invProdUom": "M3", "invProdQty": 6.5, "invProdRate": 2402.54, "invProdLineAmount": 15616.51}}, {"model": "sales.invoiceproductline", "pk": 12, "fields": {"invoice": 12, "invProdCode": "PROD080005", "invProdName": "M35-PUMP", "invProdDescription": "M35 PUMP", "invProdHsnCode": "38245010", "invProdUom": "M3", "invProdQty": 6.5, "invProdRate": 2527.96, "invProdLineAmount": 16431.74}}, {"model": "sales.invoiceproductline", "pk": 13, "fields": {"invoice": 13, "invProdCode": "PROD080004", "invProdName": "M30-PUMP", "invProdDescription": "M30 PUMP", "invProdHsnCode": "38245010", "invProdUom": "M3", "invProdQty": 6.5, "invProdRate": 2402.54, "invProdLineAmount": 15616.51}}, {"model": "sales.invoiceproductline", "pk": 14, "fields": {"invoice": 14, "invProdCode": "PROD080004", "invProdName": "M30-PUMP", "invProdDescription": "M30 PUMP", "invProdHsnCode": "38245010", "invProdUom": "M3", "invProdQty": 6.5, "invProdRate": 2402.54, "invProdLineAmount": 15616.51}}, {"model": "sales.invoiceproductline", "pk": 15, "fields": {"invoice": 15, "invProdCode": "PROD080004", "invProdName": "M30-PUMP", "invProdDescription": "M30 PUMP", "invProdHsnCode": "38245010", "invProdUom": "M3", "invProdQty": 6.5, "invProdRate": 2402.54, "invProdLineAmount": 15616.51}}, {"model": "sales.invoiceproductline", "pk": 16, "fields": {"invoice": 16, "invProdCode": "PROD080004", "invProdName": "M30-PUMP", "invProdDescription": "M30 PUMP", "invProdHsnCode": "38245010", "invProdUom": "M3", "invProdQty": 6.5, "invProdRate": 2402.54, "invProdLineAmount": 15616.51}}, {"model": "sales.invoiceproductline", "pk": 17, "fields": {"invoice": 17, "invProdCode": "PROD080004", "invProdName": "M30-PUMP", "invProdDescription": "M30 PUMP", "invProdHsnCode": "38245010", "invProdUom": "M3", "invProdQty": 6.5, "invProdRate": 2402.54, "invProdLineAmount": 15616.51}}, {"model": "sales.invoiceproductline", "pk": 18, "fields": {"invoice": 18, "invProdCode": "PROD080004", "invProdName": "M30-PUMP", "invProdDescription": "M30 PUMP", "invProdHsnCode": "38245010", "invProdUom": "M3", "invProdQty": 6.5, "invProdRate": 2402.54, "invProdLineAmount": 15616.51}}, {"model": "sales.invoiceproductline", "pk": 19, "fields": {"invoice": 19, "invProdCode": "PROD080004", "invProdName": "M30-PUMP", "invProdDescription": "M30 PUMP", "invProdHsnCode": "38245010", "invProdUom": "M3", "invProdQty": 6.5, "invProdRate": 2402.54, "invProdLineAmount": 15616.51}}, {"model": "sales.invoiceproductline", "pk": 20, "fields": {"invoice": 20, "invProdCode": "PROD080004", "invProdName": "M30-PUMP", "invProdDescription": "M30 PUMP", "invProdHsnCode": "38245010", "invProdUom": "M3", "invProdQty": 6.5, "invProdRate": 2402.54, "invProdLineAmount": 15616.51}}, {"model": "sales.invoiceproductline", "pk": 21, "fields": {"invoice": 21, "invProdCode": "PROD080004", "invProdName": "M30-PUMP", "invProdDescription": "M30 PUMP", "invProdHsnCode": "38245010", "invProdUom": "M3", "invProdQty": 6.5, "invProdRate": 2402.54, "invProdLineAmount": 15616.51}}, {"model": "sales.invoiceproductline", "pk": 22, "fields": {"invoice": 22, "invProdCode": "PROD080004", "invProdName": "M30-PUMP", "invProdDescription": "M30 PUMP", "invProdHsnCode": "38245010", "invProdUom": "M3", "invProdQty": 6.5, "invProdRate": 2402.54, "invProdLineAmount": 15616.51}}, {"model": "sales.invoiceproductline", "pk": 23, "fields": {"invoice": 23, "invProdCode": "PROD080004", "invProdName": "M30-PUMP", "invProdDescription": "M30 PUMP", "invProdHsnCode": "38245010", "invProdUom": "M3", "invProdQty": 6.5, "invProdRate": 2402.54, "invProdLineAmount": 15616.51}}, {"model": "sales.invoiceproductline", "pk": 24, "fields": {"invoice": 24, "invProdCode": "PROD080004", "invProdName": "M30-PUMP", "invProdDescription": "M30 PUMP", "invProdHsnCode": "38245010", "invProdUom": "M3", "invProdQty": 6.5, "invProdRate": 2402.54, "invProdLineAmount": 15616.51}}, {"model": "sales.invoiceproductline", "pk": 25, "fields": {"invoice": 25, "invProdCode": "PROD080004", "invProdName": "M30-PUMP", "invProdDescription": "M30 PUMP", "invProdHsnCode": "38245010", "invProdUom": "M3", "invProdQty": 6.5, "invProdRate": 2402.54, "invProdLineAmount": 15616.51}}, {"model": "sales.invoiceproductline", "pk": 26, "fields": {"invoice": 26, "invProdCode": "PROD080004", "invProdName": "M30-PUMP", "invProdDescription": "M30 PUMP", "invProdHsnCode": "38245010", "invProdUom": "M3", "invProdQty": 6.5, "invProdRate": 2402.54, "invProdLineAmount": 15616.51}}, {"model": "sales.invoiceproductline", "pk": 27, "fields": {"invoice": 27, "invProdCode": "PROD080004", "invProdName": "M30-PUMP", "invProdDescription": "M30 PUMP", "invProdHsnCode": "38245010", "invProdUom": "M3", "invProdQty": 6.5, "invProdRate": 2402.54, "invProdLineAmount": 15616.51}}, {"model": "sales.invoiceproductline", "pk": 28, "fields": {"invoice": 28, "invProdCode": "PROD080004", "invProdName": "M30-PUMP", "invProdDescription": "M30 PUMP", "invProdHsnCode": "38245010", "invProdUom": "M3", "invProdQty": 6.5, "invProdRate": 2402.54, "invProdLineAmount": 15616.51}}, {"model": "sales.invoiceproductline", "pk": 29, "fields": {"invoice": 29, "invProdCode": "PROD080004", "invProdName": "M30-PUMP", "invProdDescription": "M30 PUMP", "invProdHsnCode": "38245010", "invProdUom": "M3", "invProdQty": 6.5, "invProdRate": 2402.54, "invProdLineAmount": 15616.51}}, {"model": "sales.invoiceproductline", "pk": 30, "fields": {"invoice": 30, "invProdCode": "PROD080004", "invProdName": "M30-PUMP", "invProdDescription": "M30 PUMP", "invProdHsnCode": "38245010", "invProdUom": "M3", "invProdQty": 6.5, "invProdRate": 2402.54, "invProdLineAmount": 15616.51}}, {"model": "sales.invoiceproductline", "pk": 31, "fields": {"invoice": 31, "invProdCode": "PROD080004", "invProdName": "M30-PUMP", "invProdDescription": "M30 PUMP", "invProdHsnCode": "38245010", "invProdUom": "M3", "invProdQty": 3.0, "invProdRate": 2402.54, "invProdLineAmount": 7207.62}}, {"model": "sales.invoiceproductline", "pk": 32, "fields": {"invoice": 32, "invProdCode": "PROD080006", "invProdName": "M25-Pump", "invProdDescription": "M25-Pump", "invProdHsnCode": "38245010", "invProdUom": "M3", "invProdQty": 6.5, "invProdRate": 2796.61, "invProdLineAmount": 18177.97}}, {"model": "sales.invoiceproductline", "pk": 33, "fields": {"invoice": 33, "invProdCode": "PROD080006", "invProdName": "M25-Pump", "invProdDescription": "M25-Pump", "invProdHsnCode": "38245010", "invProdUom": "M3", "invProdQty": 6.5, "invProdRate": 2796.61, "invProdLineAmount": 18177.97}}, {"model": "sales.invoiceproductline", "pk": 34, "fields": {"invoice": 34, "invProdCode": "PROD080006", "invProdName": "M25-Pump", "invProdDescription": "M25-Pump", "invProdHsnCode": "38245010", "invProdUom": "M3", "invProdQty": 6.5, "invProdRate": 2796.61, "invProdLineAmount": 18177.97}}, {"model": "sales.invoiceproductline", "pk": 35, "fields": {"invoice": 35, "invProdCode": "PROD080006", "invProdName": "M25-Pump", "invProdDescription": "M25-Pump", "invProdHsnCode": "38245010", "invProdUom": "M3", "invProdQty": 6.5, "invProdRate": 2796.61, "invProdLineAmount": 18177.97}}, {"model": "sales.invoiceproductline", "pk": 36, "fields": {"invoice": 36, "invProdCode": "PROD080006", "invProdName": "M25-Pump", "invProdDescription": "M25-Pump", "invProdHsnCode": "38245010", "invProdUom": "M3", "invProdQty": 6.5, "invProdRate": 2796.61, "invProdLineAmount": 18177.97}}, {"model": "sales.invoiceproductline", "pk": 37, "fields": {"invoice": 37, "invProdCode": "PROD080006", "invProdName": "M25-Pump", "invProdDescription": "M25-Pump", "invProdHsnCode": "38245010", "invProdUom": "M3", "invProdQty": 6.5, "invProdRate": 2796.61, "invProdLineAmount": 18177.97}}, {"model": "sales.invoiceproductline", "pk": 38, "fields": {"invoice": 38, "invProdCode": "PROD080006", "invProdName": "M25-Pump", "invProdDescription": "M25-Pump", "invProdHsnCode": "38245010", "invProdUom": "M3", "invProdQty": 6.5, "invProdRate": 2796.61, "invProdLineAmount": 18177.97}}, {"model": "sales.invoiceproductline", "pk": 39, "fields": {"invoice": 39, "invProdCode": "PROD080006", "invProdName": "M25-Pump", "invProdDescription": "M25-Pump", "invProdHsnCode": "38245010", "invProdUom": "M3", "invProdQty": 6.5, "invProdRate": 2796.61, "invProdLineAmount": 18177.97}}, {"model": "sales.invoiceproductline", "pk": 40, "fields": {"invoice": 40, "invProdCode": "PROD080006", "invProdName": "M25-Pump", "invProdDescription": "M25-Pump", "invProdHsnCode": "38245010", "invProdUom": "M3", "invProdQty": 6.5, "invProdRate": 2796.61, "invProdLineAmount": 18177.97}}, {"model": "sales.invoiceproductline", "pk": 41, "fields": {"invoice": 41, "invProdCode": "PROD080006", "invProdName": "M25-Pump", "invProdDescription": "M25-Pump", "invProdHsnCode": "38245010", "invProdUom": "M3", "invProdQty": 6.5, "invProdRate": 2796.61, "invProdLineAmount": 18177.97}}, {"model": "sales.invoiceproductline", "pk": 42, "fields": {"invoice": 42, "invProdCode": "PROD080006", "invProdName": "M25-Pump", "invProdDescription": "M25-Pump", "invProdHsnCode": "38245010", "invProdUom": "M3", "invProdQty": 6.5, "invProdRate": 2796.61, "invProdLineAmount": 18177.97}}, {"model": "sales.invoiceproductline", "pk": 43, "fields": {"invoice": 43, "invProdCode": "PROD080006", "invProdName": "M25-Pump", "invProdDescription": "M25-Pump", "invProdHsnCode": "38245010", "invProdUom": "M3", "invProdQty": 6.5, "invProdRate": 2796.61, "invProdLineAmount": 18177.97}}, {"model": "sales.invoiceproductline", "pk": 44, "fields": {"invoice": 44, "invProdCode": "PROD080005", "invProdName": "M35-PUMP", "invProdDescription": "M35 PUMP", "invProdHsnCode": "38245010", "invProdUom": "M3", "invProdQty": 6.5, "invProdRate": 2527.96, "invProdLineAmount": 16431.74}}, {"model": "sales.invoiceproductline", "pk": 45, "fields": {"invoice": 45, "invProdCode": "PROD080005", "invProdName": "M35-PUMP", "invProdDescription": "M35 PUMP", "invProdHsnCode": "38245010", "invProdUom": "M3", "invProdQty": 6.5, "invProdRate": 2527.96, "invProdLineAmount": 16431.74}}, {"model": "sales.invoiceproductline", "pk": 46, "fields": {"invoice": 46, "invProdCode": "PROD080004", "invProdName": "M30-PUMP", "invProdDescription": "M30 PUMP", "invProdHsnCode": "38245010", "invProdUom": "M3", "invProdQty": 6.5, "invProdRate": 2402.54, "invProdLineAmount": 15616.51}}, {"model": "sales.invoiceproductline", "pk": 47, "fields": {"invoice": 47, "invProdCode": "PROD080004", "invProdName": "M30-PUMP", "invProdDescription": "M30 PUMP", "invProdHsnCode": "38245010", "invProdUom": "M3", "invProdQty": 6.5, "invProdRate": 2402.54, "invProdLineAmount": 15616.51}}, {"model": "sales.invoiceproductline", "pk": 48, "fields": {"invoice": 48, "invProdCode": "PROD080004", "invProdName": "M30-PUMP", "invProdDescription": "M30 PUMP", "invProdHsnCode": "38245010", "invProdUom": "M3", "invProdQty": 6.5, "invProdRate": 2402.54, "invProdLineAmount": 15616.51}}, {"model": "sales.invoiceproductline", "pk": 49, "fields": {"invoice": 49, "invProdCode": "PROD080004", "invProdName": "M30-PUMP", "invProdDescription": "M30 PUMP", "invProdHsnCode": "38245010", "invProdUom": "M3", "invProdQty": 6.5, "invProdRate": 2402.54, "invProdLineAmount": 15616.51}}, {"model": "sales.invoiceproductline", "pk": 50, "fields": {"invoice": 50, "invProdCode": "PROD080004", "invProdName": "M30-PUMP", "invProdDescription": "M30 PUMP", "invProdHsnCode": "38245010", "invProdUom": "M3", "invProdQty": 6.5, "invProdRate": 2402.54, "invProdLineAmount": 15616.51}}, {"model": "sales.invoiceproductline", "pk": 51, "fields": {"invoice": 51, "invProdCode": "PROD080004", "invProdName": "M30-PUMP", "invProdDescription": "M30 PUMP", "invProdHsnCode": "38245010", "invProdUom": "M3", "invProdQty": 6.5, "invProdRate": 2402.54, "invProdLineAmount": 15616.51}}, {"model": "sales.invoiceproductline", "pk": 52, "fields": {"invoice": 52, "invProdCode": "PROD080004", "invProdName": "M30-PUMP", "invProdDescription": "M30 PUMP", "invProdHsnCode": "38245010", "invProdUom": "M3", "invProdQty": 6.5, "invProdRate": 2402.54, "invProdLineAmount": 15616.51}}, {"model": "sales.invoiceproductline", "pk": 53, "fields": {"invoice": 53, "invProdCode": "PROD080004", "invProdName": "M30-PUMP", "invProdDescription": "M30 PUMP", "invProdHsnCode": "38245010", "invProdUom": "M3", "invProdQty": 6.5, "invProdRate": 2402.54, "invProdLineAmount": 15616.51}}, {"model": "sales.invoiceproductline", "pk": 54, "fields": {"invoice": 54, "invProdCode": "PROD080004", "invProdName": "M30-PUMP", "invProdDescription": "M30 PUMP", "invProdHsnCode": "38245010", "invProdUom": "M3", "invProdQty": 6.5, "invProdRate": 2402.54, "invProdLineAmount": 15616.51}}, {"model": "sales.invoiceproductline", "pk": 55, "fields": {"invoice": 55, "invProdCode": "PROD080004", "invProdName": "M30-PUMP", "invProdDescription": "M30 PUMP", "invProdHsnCode": "38245010", "invProdUom": "M3", "invProdQty": 6.5, "invProdRate": 2402.54, "invProdLineAmount": 15616.51}}, {"model": "sales.invoiceproductline", "pk": 56, "fields": {"invoice": 56, "invProdCode": "PROD080004", "invProdName": "M30-PUMP", "invProdDescription": "M30 PUMP", "invProdHsnCode": "38245010", "invProdUom": "M3", "invProdQty": 6.5, "invProdRate": 2402.54, "invProdLineAmount": 15616.51}}, {"model": "sales.invoiceproductline", "pk": 57, "fields": {"invoice": 57, "invProdCode": "PROD080004", "invProdName": "M30-PUMP", "invProdDescription": "M30 PUMP", "invProdHsnCode": "38245010", "invProdUom": "M3", "invProdQty": 6.5, "invProdRate": 2402.54, "invProdLineAmount": 15616.51}}, {"model": "sales.invoiceproductline", "pk": 58, "fields": {"invoice": 58, "invProdCode": "PROD080004", "invProdName": "M30-PUMP", "invProdDescription": "M30 PUMP", "invProdHsnCode": "38245010", "invProdUom": "M3", "invProdQty": 6.5, "invProdRate": 2402.54, "invProdLineAmount": 15616.51}}, {"model": "sales.invoiceproductline", "pk": 59, "fields": {"invoice": 59, "invProdCode": "PROD080004", "invProdName": "M30-PUMP", "invProdDescription": "M30 PUMP", "invProdHsnCode": "38245010", "invProdUom": "M3", "invProdQty": 6.5, "invProdRate": 2402.54, "invProdLineAmount": 15616.51}}, {"model": "sales.invoiceproductline", "pk": 60, "fields": {"invoice": 60, "invProdCode": "PROD070002", "invProdName": "M30-Dump", "invProdDescription": "M30-Dump", "invProdHsnCode": "38245010", "invProdUom": "M3", "invProdQty": 6.5, "invProdRate": 3050.85, "invProdLineAmount": 19830.52}}, {"model": "sales.invoiceproductline", "pk": 61, "fields": {"invoice": 61, "invProdCode": "PROD080004", "invProdName": "M30-PUMP", "invProdDescription": "M30 PUMP", "invProdHsnCode": "38245010", "invProdUom": "M3", "invProdQty": 6.5, "invProdRate": 2402.54, "invProdLineAmount": 15616.51}}, {"model": "sales.invoiceproductline", "pk": 62, "fields": {"invoice": 62, "invProdCode": "PROD080004", "invProdName": "M30-PUMP", "invProdDescription": "M30 PUMP", "invProdHsnCode": "38245010", "invProdUom": "M3", "invProdQty": 6.5, "invProdRate": 2402.54, "invProdLineAmount": 15616.51}}, {"model": "sales.invoiceproductline", "pk": 63, "fields": {"invoice": 63, "invProdCode": "PROD080004", "invProdName": "M30-PUMP", "invProdDescription": "M30 PUMP", "invProdHsnCode": "38245010", "invProdUom": "M3", "invProdQty": 6.5, "invProdRate": 2402.54, "invProdLineAmount": 15616.51}}, {"model": "sales.invoiceproductline", "pk": 64, "fields": {"invoice": 64, "invProdCode": "PROD070002", "invProdName": "M30-Dump", "invProdDescription": "M30-Dump", "invProdHsnCode": "38245010", "invProdUom": "M3", "invProdQty": 6.5, "invProdRate": 3050.85, "invProdLineAmount": 19830.52}}, {"model": "sales.invoiceproductline", "pk": 65, "fields": {"invoice": 65, "invProdCode": "PROD080004", "invProdName": "M30-PUMP", "invProdDescription": "M30 PUMP", "invProdHsnCode": "38245010", "invProdUom": "M3", "invProdQty": 6.5, "invProdRate": 2402.54, "invProdLineAmount": 15616.51}}, {"model": "sales.invoiceproductline", "pk": 66, "fields": {"invoice": 66, "invProdCode": "PROD080005", "invProdName": "M35-PUMP", "invProdDescription": "M35 PUMP", "invProdHsnCode": "38245010", "invProdUom": "M3", "invProdQty": 6.5, "invProdRate": 2527.96, "invProdLineAmount": 16431.74}}, {"model": "sales.invoiceproductline", "pk": 67, "fields": {"invoice": 67, "invProdCode": "PROD080004", "invProdName": "M30-PUMP", "invProdDescription": "M30 PUMP", "invProdHsnCode": "38245010", "invProdUom": "M3", "invProdQty": 6.5, "invProdRate": 2402.54, "invProdLineAmount": 15616.51}}, {"model": "sales.invoiceproductline", "pk": 68, "fields": {"invoice": 68, "invProdCode": "PROD080004", "invProdName": "M30-PUMP", "invProdDescription": "M30 PUMP", "invProdHsnCode": "38245010", "invProdUom": "M3", "invProdQty": 6.5, "invProdRate": 2402.54, "invProdLineAmount": 15616.51}}, {"model": "sales.invoiceproductline", "pk": 69, "fields": {"invoice": 69, "invProdCode": "PROD080004", "invProdName": "M30-PUMP", "invProdDescription": "M30 PUMP", "invProdHsnCode": "38245010", "invProdUom": "M3", "invProdQty": 4.0, "invProdRate": 2402.54, "invProdLineAmount": 9610.16}}, {"model": "sales.invoiceproductline", "pk": 70, "fields": {"invoice": 70, "invProdCode": "PROD080008", "invProdName": "M25-Pump", "invProdDescription": "M25-Pump", "invProdHsnCode": "38245010", "invProdUom": "M3", "invProdQty": 6.5, "invProdRate": 3033.9, "invProdLineAmount": 19720.35}}, {"model": "sales.invoiceproductline", "pk": 71, "fields": {"invoice": 71, "invProdCode": "PROD080008", "invProdName": "M25-Pump", "invProdDescription": "M25-Pump", "invProdHsnCode": "38245010", "invProdUom": "M3", "invProdQty": 6.5, "invProdRate": 3033.9, "invProdLineAmount": 19720.35}}, {"model": "sales.invoiceproductline", "pk": 72, "fields": {"invoice": 72, "invProdCode": "PROD080008", "invProdName": "M25-Pump", "invProdDescription": "M25-Pump", "invProdHsnCode": "38245010", "invProdUom": "M3", "invProdQty": 6.5, "invProdRate": 3033.9, "invProdLineAmount": 19720.35}}, {"model": "sales.invoiceproductline", "pk": 73, "fields": {"invoice": 73, "invProdCode": "PROD080008", "invProdName": "M25-Pump", "invProdDescription": "M25-Pump", "invProdHsnCode": "38245010", "invProdUom": "M3", "invProdQty": 6.5, "invProdRate": 3033.9, "invProdLineAmount": 19720.35}}, {"model": "sales.invoicetax", "pk": 5, "fields": {"invoice": 3, "taxName": "SGST", "taxPercent": 9.0}}, {"model": "sales.invoicetax", "pk": 6, "fields": {"invoice": 3, "taxName": "CGST", "taxPercent": 9.0}}, {"model": "sales.invoicetax", "pk": 7, "fields": {"invoice": 4, "taxName": "SGST", "taxPercent": 9.0}}, {"model": "sales.invoicetax", "pk": 8, "fields": {"invoice": 4, "taxName": "CGST", "taxPercent": 9.0}}, {"model": "sales.invoicetax", "pk": 9, "fields": {"invoice": 5, "taxName": "SGST", "taxPercent": 9.0}}, {"model": "sales.invoicetax", "pk": 10, "fields": {"invoice": 5, "taxName": "CGST", "taxPercent": 9.0}}, {"model": "sales.invoicetax", "pk": 11, "fields": {"invoice": 6, "taxName": "SGST", "taxPercent": 9.0}}, {"model": "sales.invoicetax", "pk": 12, "fields": {"invoice": 6, "taxName": "CGST", "taxPercent": 9.0}}, {"model": "sales.invoicetax", "pk": 13, "fields": {"invoice": 7, "taxName": "SGST", "taxPercent": 9.0}}, {"model": "sales.invoicetax", "pk": 14, "fields": {"invoice": 7, "taxName": "CGST", "taxPercent": 9.0}}, {"model": "sales.invoicetax", "pk": 15, "fields": {"invoice": 8, "taxName": "SGST", "taxPercent": 9.0}}, {"model": "sales.invoicetax", "pk": 16, "fields": {"invoice": 8, "taxName": "CGST", "taxPercent": 9.0}}, {"model": "sales.invoicetax", "pk": 17, "fields": {"invoice": 9, "taxName": "SGST", "taxPercent": 9.0}}, {"model": "sales.invoicetax", "pk": 18, "fields": {"invoice": 9, "taxName": "CGST", "taxPercent": 9.0}}, {"model": "sales.invoicetax", "pk": 21, "fields": {"invoice": 11, "taxName": "SGST", "taxPercent": 9.0}}, {"model": "sales.invoicetax", "pk": 22, "fields": {"invoice": 11, "taxName": "CGST", "taxPercent": 9.0}}, {"model": "sales.invoicetax", "pk": 23, "fields": {"invoice": 12, "taxName": "SGST", "taxPercent": 9.0}}, {"model": "sales.invoicetax", "pk": 24, "fields": {"invoice": 12, "taxName": "CGST", "taxPercent": 9.0}}, {"model": "sales.invoicetax", "pk": 25, "fields": {"invoice": 13, "taxName": "SGST", "taxPercent": 9.0}}, {"model": "sales.invoicetax", "pk": 26, "fields": {"invoice": 13, "taxName": "CGST", "taxPercent": 9.0}}, {"model": "sales.invoicetax", "pk": 27, "fields": {"invoice": 14, "taxName": "SGST", "taxPercent": 9.0}}, {"model": "sales.invoicetax", "pk": 28, "fields": {"invoice": 14, "taxName": "CGST", "taxPercent": 9.0}}, {"model": "sales.invoicetax", "pk": 29, "fields": {"invoice": 15, "taxName": "SGST", "taxPercent": 9.0}}, {"model": "sales.invoicetax", "pk": 30, "fields": {"invoice": 15, "taxName": "CGST", "taxPercent": 9.0}}, {"model": "sales.invoicetax", "pk": 31, "fields": {"invoice": 16, "taxName": "SGST", "taxPercent": 9.0}}, {"model": "sales.invoicetax", "pk": 32, "fields": {"invoice": 16, "taxName": "CGST", "taxPercent": 9.0}}, {"model": "sales.invoicetax", "pk": 33, "fields": {"invoice": 17, "taxName": "SGST", "taxPercent": 9.0}}, {"model": "sales.invoicetax", "pk": 34, "fields": {"invoice": 17, "taxName": "CGST", "taxPercent": 9.0}}, {"model": "sales.invoicetax", "pk": 35, "fields": {"invoice": 18, "taxName": "SGST", "taxPercent": 9.0}}, {"model": "sales.invoicetax", "pk": 36, "fields": {"invoice": 18, "taxName": "CGST", "taxPercent": 9.0}}, {"model": "sales.invoicetax", "pk": 37, "fields": {"invoice": 19, "taxName": "SGST", "taxPercent": 9.0}}, {"model": "sales.invoicetax", "pk": 38, "fields": {"invoice": 19, "taxName": "CGST", "taxPercent": 9.0}}, {"model": "sales.invoicetax", "pk": 39, "fields": {"invoice": 20, "taxName": "SGST", "taxPercent": 9.0}}, {"model": "sales.invoicetax", "pk": 40, "fields": {"invoice": 20, "taxName": "CGST", "taxPercent": 9.0}}, {"model": "sales.invoicetax", "pk": 41, "fields": {"invoice": 21, "taxName": "SGST", "taxPercent": 9.0}}, {"model": "sales.invoicetax", "pk": 42, "fields": {"invoice": 21, "taxName": "CGST", "taxPercent": 9.0}}, {"model": "sales.invoicetax", "pk": 43, "fields": {"invoice": 22, "taxName": "SGST", "taxPercent": 9.0}}, {"model": "sales.invoicetax", "pk": 44, "fields": {"invoice": 22, "taxName": "CGST", "taxPercent": 9.0}}, {"model": "sales.invoicetax", "pk": 45, "fields": {"invoice": 23, "taxName": "SGST", "taxPercent": 9.0}}, {"model": "sales.invoicetax", "pk": 46, "fields": {"invoice": 23, "taxName": "CGST", "taxPercent": 9.0}}, {"model": "sales.invoicetax", "pk": 47, "fields": {"invoice": 24, "taxName": "SGST", "taxPercent": 9.0}}, {"model": "sales.invoicetax", "pk": 48, "fields": {"invoice": 24, "taxName": "CGST", "taxPercent": 9.0}}, {"model": "sales.invoicetax", "pk": 49, "fields": {"invoice": 25, "taxName": "SGST", "taxPercent": 9.0}}, {"model": "sales.invoicetax", "pk": 50, "fields": {"invoice": 25, "taxName": "CGST", "taxPercent": 9.0}}, {"model": "sales.invoicetax", "pk": 51, "fields": {"invoice": 26, "taxName": "SGST", "taxPercent": 9.0}}, {"model": "sales.invoicetax", "pk": 52, "fields": {"invoice": 26, "taxName": "CGST", "taxPercent": 9.0}}, {"model": "sales.invoicetax", "pk": 53, "fields": {"invoice": 27, "taxName": "SGST", "taxPercent": 9.0}}, {"model": "sales.invoicetax", "pk": 54, "fields": {"invoice": 27, "taxName": "CGST", "taxPercent": 9.0}}, {"model": "sales.invoicetax", "pk": 55, "fields": {"invoice": 28, "taxName": "SGST", "taxPercent": 9.0}}, {"model": "sales.invoicetax", "pk": 56, "fields": {"invoice": 28, "taxName": "CGST", "taxPercent": 9.0}}, {"model": "sales.invoicetax", "pk": 57, "fields": {"invoice": 29, "taxName": "SGST", "taxPercent": 9.0}}, {"model": "sales.invoicetax", "pk": 58, "fields": {"invoice": 29, "taxName": "CGST", "taxPercent": 9.0}}, {"model": "sales.invoicetax", "pk": 59, "fields": {"invoice": 30, "taxName": "SGST", "taxPercent": 9.0}}, {"model": "sales.invoicetax", "pk": 60, "fields": {"invoice": 30, "taxName": "CGST", "taxPercent": 9.0}}, {"model": "sales.invoicetax", "pk": 61, "fields": {"invoice": 31, "taxName": "SGST", "taxPercent": 9.0}}, {"model": "sales.invoicetax", "pk": 62, "fields": {"invoice": 31, "taxName": "CGST", "taxPercent": 9.0}}, {"model": "sales.invoicetax", "pk": 63, "fields": {"invoice": 32, "taxName": "SGST", "taxPercent": 9.0}}, {"model": "sales.invoicetax", "pk": 64, "fields": {"invoice": 32, "taxName": "CGST", "taxPercent": 9.0}}, {"model": "sales.invoicetax", "pk": 65, "fields": {"invoice": 33, "taxName": "SGST", "taxPercent": 9.0}}, {"model": "sales.invoicetax", "pk": 66, "fields": {"invoice": 33, "taxName": "CGST", "taxPercent": 9.0}}, {"model": "sales.invoicetax", "pk": 67, "fields": {"invoice": 34, "taxName": "SGST", "taxPercent": 9.0}}, {"model": "sales.invoicetax", "pk": 68, "fields": {"invoice": 34, "taxName": "CGST", "taxPercent": 9.0}}, {"model": "sales.invoicetax", "pk": 69, "fields": {"invoice": 35, "taxName": "SGST", "taxPercent": 9.0}}, {"model": "sales.invoicetax", "pk": 70, "fields": {"invoice": 35, "taxName": "CGST", "taxPercent": 9.0}}, {"model": "sales.invoicetax", "pk": 71, "fields": {"invoice": 36, "taxName": "SGST", "taxPercent": 9.0}}, {"model": "sales.invoicetax", "pk": 72, "fields": {"invoice": 36, "taxName": "CGST", "taxPercent": 9.0}}, {"model": "sales.invoicetax", "pk": 73, "fields": {"invoice": 37, "taxName": "SGST", "taxPercent": 9.0}}, {"model": "sales.invoicetax", "pk": 74, "fields": {"invoice": 37, "taxName": "CGST", "taxPercent": 9.0}}, {"model": "sales.invoicetax", "pk": 75, "fields": {"invoice": 38, "taxName": "SGST", "taxPercent": 9.0}}, {"model": "sales.invoicetax", "pk": 76, "fields": {"invoice": 38, "taxName": "CGST", "taxPercent": 9.0}}, {"model": "sales.invoicetax", "pk": 77, "fields": {"invoice": 39, "taxName": "SGST", "taxPercent": 9.0}}, {"model": "sales.invoicetax", "pk": 78, "fields": {"invoice": 39, "taxName": "CGST", "taxPercent": 9.0}}, {"model": "sales.invoicetax", "pk": 79, "fields": {"invoice": 40, "taxName": "SGST", "taxPercent": 9.0}}, {"model": "sales.invoicetax", "pk": 80, "fields": {"invoice": 40, "taxName": "CGST", "taxPercent": 9.0}}, {"model": "sales.invoicetax", "pk": 81, "fields": {"invoice": 41, "taxName": "SGST", "taxPercent": 9.0}}, {"model": "sales.invoicetax", "pk": 82, "fields": {"invoice": 41, "taxName": "CGST", "taxPercent": 9.0}}, {"model": "sales.invoicetax", "pk": 83, "fields": {"invoice": 42, "taxName": "SGST", "taxPercent": 9.0}}, {"model": "sales.invoicetax", "pk": 84, "fields": {"invoice": 42, "taxName": "CGST", "taxPercent": 9.0}}, {"model": "sales.invoicetax", "pk": 85, "fields": {"invoice": 43, "taxName": "SGST", "taxPercent": 9.0}}, {"model": "sales.invoicetax", "pk": 86, "fields": {"invoice": 43, "taxName": "CGST", "taxPercent": 9.0}}, {"model": "sales.invoicetax", "pk": 87, "fields": {"invoice": 44, "taxName": "SGST", "taxPercent": 9.0}}, {"model": "sales.invoicetax", "pk": 88, "fields": {"invoice": 44, "taxName": "CGST", "taxPercent": 9.0}}, {"model": "sales.invoicetax", "pk": 89, "fields": {"invoice": 45, "taxName": "SGST", "taxPercent": 9.0}}, {"model": "sales.invoicetax", "pk": 90, "fields": {"invoice": 45, "taxName": "CGST", "taxPercent": 9.0}}, {"model": "sales.invoicetax", "pk": 91, "fields": {"invoice": 46, "taxName": "SGST", "taxPercent": 9.0}}, {"model": "sales.invoicetax", "pk": 92, "fields": {"invoice": 46, "taxName": "CGST", "taxPercent": 9.0}}, {"model": "sales.invoicetax", "pk": 93, "fields": {"invoice": 47, "taxName": "SGST", "taxPercent": 9.0}}, {"model": "sales.invoicetax", "pk": 94, "fields": {"invoice": 47, "taxName": "CGST", "taxPercent": 9.0}}, {"model": "sales.invoicetax", "pk": 95, "fields": {"invoice": 48, "taxName": "SGST", "taxPercent": 9.0}}, {"model": "sales.invoicetax", "pk": 96, "fields": {"invoice": 48, "taxName": "CGST", "taxPercent": 9.0}}, {"model": "sales.invoicetax", "pk": 97, "fields": {"invoice": 49, "taxName": "SGST", "taxPercent": 9.0}}, {"model": "sales.invoicetax", "pk": 98, "fields": {"invoice": 49, "taxName": "CGST", "taxPercent": 9.0}}, {"model": "sales.invoicetax", "pk": 99, "fields": {"invoice": 50, "taxName": "SGST", "taxPercent": 9.0}}, {"model": "sales.invoicetax", "pk": 100, "fields": {"invoice": 50, "taxName": "CGST", "taxPercent": 9.0}}, {"model": "sales.invoicetax", "pk": 101, "fields": {"invoice": 51, "taxName": "SGST", "taxPercent": 9.0}}, {"model": "sales.invoicetax", "pk": 102, "fields": {"invoice": 51, "taxName": "CGST", "taxPercent": 9.0}}, {"model": "sales.invoicetax", "pk": 103, "fields": {"invoice": 52, "taxName": "SGST", "taxPercent": 9.0}}, {"model": "sales.invoicetax", "pk": 104, "fields": {"invoice": 52, "taxName": "CGST", "taxPercent": 9.0}}, {"model": "sales.invoicetax", "pk": 105, "fields": {"invoice": 53, "taxName": "SGST", "taxPercent": 9.0}}, {"model": "sales.invoicetax", "pk": 106, "fields": {"invoice": 53, "taxName": "CGST", "taxPercent": 9.0}}, {"model": "sales.invoicetax", "pk": 107, "fields": {"invoice": 54, "taxName": "SGST", "taxPercent": 9.0}}, {"model": "sales.invoicetax", "pk": 108, "fields": {"invoice": 54, "taxName": "CGST", "taxPercent": 9.0}}, {"model": "sales.invoicetax", "pk": 109, "fields": {"invoice": 55, "taxName": "SGST", "taxPercent": 9.0}}, {"model": "sales.invoicetax", "pk": 110, "fields": {"invoice": 55, "taxName": "CGST", "taxPercent": 9.0}}, {"model": "sales.invoicetax", "pk": 111, "fields": {"invoice": 56, "taxName": "SGST", "taxPercent": 9.0}}, {"model": "sales.invoicetax", "pk": 112, "fields": {"invoice": 56, "taxName": "CGST", "taxPercent": 9.0}}, {"model": "sales.invoicetax", "pk": 113, "fields": {"invoice": 57, "taxName": "SGST", "taxPercent": 9.0}}, {"model": "sales.invoicetax", "pk": 114, "fields": {"invoice": 57, "taxName": "CGST", "taxPercent": 9.0}}, {"model": "sales.invoicetax", "pk": 115, "fields": {"invoice": 58, "taxName": "SGST", "taxPercent": 9.0}}, {"model": "sales.invoicetax", "pk": 116, "fields": {"invoice": 58, "taxName": "CGST", "taxPercent": 9.0}}, {"model": "sales.invoicetax", "pk": 117, "fields": {"invoice": 59, "taxName": "SGST", "taxPercent": 9.0}}, {"model": "sales.invoicetax", "pk": 118, "fields": {"invoice": 59, "taxName": "CGST", "taxPercent": 9.0}}, {"model": "sales.invoicetax", "pk": 119, "fields": {"invoice": 60, "taxName": "SGST", "taxPercent": 9.0}}, {"model": "sales.invoicetax", "pk": 120, "fields": {"invoice": 60, "taxName": "CGST", "taxPercent": 9.0}}, {"model": "sales.invoicetax", "pk": 121, "fields": {"invoice": 61, "taxName": "SGST", "taxPercent": 9.0}}, {"model": "sales.invoicetax", "pk": 122, "fields": {"invoice": 61, "taxName": "CGST", "taxPercent": 9.0}}, {"model": "sales.invoicetax", "pk": 123, "fields": {"invoice": 62, "taxName": "SGST", "taxPercent": 9.0}}, {"model": "sales.invoicetax", "pk": 124, "fields": {"invoice": 62, "taxName": "CGST", "taxPercent": 9.0}}, {"model": "sales.invoicetax", "pk": 125, "fields": {"invoice": 63, "taxName": "SGST", "taxPercent": 9.0}}, {"model": "sales.invoicetax", "pk": 126, "fields": {"invoice": 63, "taxName": "CGST", "taxPercent": 9.0}}, {"model": "sales.invoicetax", "pk": 127, "fields": {"invoice": 64, "taxName": "SGST", "taxPercent": 9.0}}, {"model": "sales.invoicetax", "pk": 128, "fields": {"invoice": 64, "taxName": "CGST", "taxPercent": 9.0}}, {"model": "sales.invoicetax", "pk": 129, "fields": {"invoice": 65, "taxName": "SGST", "taxPercent": 9.0}}, {"model": "sales.invoicetax", "pk": 130, "fields": {"invoice": 65, "taxName": "CGST", "taxPercent": 9.0}}, {"model": "sales.invoicetax", "pk": 131, "fields": {"invoice": 66, "taxName": "SGST", "taxPercent": 9.0}}, {"model": "sales.invoicetax", "pk": 132, "fields": {"invoice": 66, "taxName": "CGST", "taxPercent": 9.0}}, {"model": "sales.invoicetax", "pk": 133, "fields": {"invoice": 67, "taxName": "SGST", "taxPercent": 9.0}}, {"model": "sales.invoicetax", "pk": 134, "fields": {"invoice": 67, "taxName": "CGST", "taxPercent": 9.0}}, {"model": "sales.invoicetax", "pk": 135, "fields": {"invoice": 68, "taxName": "SGST", "taxPercent": 9.0}}, {"model": "sales.invoicetax", "pk": 136, "fields": {"invoice": 68, "taxName": "CGST", "taxPercent": 9.0}}, {"model": "sales.invoicetax", "pk": 137, "fields": {"invoice": 69, "taxName": "SGST", "taxPercent": 9.0}}, {"model": "sales.invoicetax", "pk": 138, "fields": {"invoice": 69, "taxName": "CGST", "taxPercent": 9.0}}, {"model": "sales.invoicetax", "pk": 139, "fields": {"invoice": 70, "taxName": "SGST", "taxPercent": 9.0}}, {"model": "sales.invoicetax", "pk": 140, "fields": {"invoice": 70, "taxName": "CGST", "taxPercent": 9.0}}, {"model": "sales.invoicetax", "pk": 141, "fields": {"invoice": 71, "taxName": "SGST", "taxPercent": 9.0}}, {"model": "sales.invoicetax", "pk": 142, "fields": {"invoice": 71, "taxName": "CGST", "taxPercent": 9.0}}, {"model": "sales.invoicetax", "pk": 143, "fields": {"invoice": 72, "taxName": "SGST", "taxPercent": 9.0}}, {"model": "sales.invoicetax", "pk": 144, "fields": {"invoice": 72, "taxName": "CGST", "taxPercent": 9.0}}, {"model": "sales.invoicetax", "pk": 145, "fields": {"invoice": 73, "taxName": "SGST", "taxPercent": 9.0}}, {"model": "sales.invoicetax", "pk": 146, "fields": {"invoice": 73, "taxName": "CGST", "taxPercent": 9.0}}, {"model": "sales.customersaleorder", "pk": 4, "fields": {"customer": "9319fbf2-6ef0-49fc-ac0f-d8a18ae765cf", "saleOrder": 13}}, {"model": "sales.customersaleorder", "pk": 5, "fields": {"customer": "b283dc6a-ba79-46e0-aade-f4aa9a7eb4a5", "saleOrder": 14}}, {"model": "sales.customersaleorder", "pk": 6, "fields": {"customer": "b283dc6a-ba79-46e0-aade-f4aa9a7eb4a5", "saleOrder": 15}}, {"model": "sales.customersaleorder", "pk": 7, "fields": {"customer": "b283dc6a-ba79-46e0-aade-f4aa9a7eb4a5", "saleOrder": 16}}, {"model": "sales.customersaleorder", "pk": 8, "fields": {"customer": "d926602f-71d7-47cf-8a46-73e9539a5dfd", "saleOrder": 31}}, {"model": "sales.customersaleorder", "pk": 9, "fields": {"customer": "b283dc6a-ba79-46e0-aade-f4aa9a7eb4a5", "saleOrder": 32}}, {"model": "sales.customersaleorder", "pk": 10, "fields": {"customer": "b283dc6a-ba79-46e0-aade-f4aa9a7eb4a5", "saleOrder": 33}}, {"model": "sales.customersaleorder", "pk": 11, "fields": {"customer": "b283dc6a-ba79-46e0-aade-f4aa9a7eb4a5", "saleOrder": 34}}, {"model": "sales.customersaleorder", "pk": 12, "fields": {"customer": "dbde1657-5df5-4367-94f6-e63517aa9e9a", "saleOrder": 35}}, {"model": "sales.customersaleorder", "pk": 13, "fields": {"customer": "b283dc6a-ba79-46e0-aade-f4aa9a7eb4a5", "saleOrder": 36}}, {"model": "sales.customersaleorder", "pk": 14, "fields": {"customer": "7525f393-6b6c-4b3b-bee7-85081d2147d1", "saleOrder": 37}}, {"model": "sales.customerinvoice", "pk": 3, "fields": {"customer": "9319fbf2-6ef0-49fc-ac0f-d8a18ae765cf", "invoice": 3}}, {"model": "sales.customerinvoice", "pk": 4, "fields": {"customer": "9319fbf2-6ef0-49fc-ac0f-d8a18ae765cf", "invoice": 4}}, {"model": "sales.customerinvoice", "pk": 5, "fields": {"customer": "9319fbf2-6ef0-49fc-ac0f-d8a18ae765cf", "invoice": 5}}, {"model": "sales.customerinvoice", "pk": 6, "fields": {"customer": "9319fbf2-6ef0-49fc-ac0f-d8a18ae765cf", "invoice": 6}}, {"model": "sales.customerinvoice", "pk": 7, "fields": {"customer": "9319fbf2-6ef0-49fc-ac0f-d8a18ae765cf", "invoice": 7}}, {"model": "sales.customerinvoice", "pk": 8, "fields": {"customer": "b283dc6a-ba79-46e0-aade-f4aa9a7eb4a5", "invoice": 8}}, {"model": "sales.customerinvoice", "pk": 9, "fields": {"customer": "b283dc6a-ba79-46e0-aade-f4aa9a7eb4a5", "invoice": 9}}, {"model": "sales.customerinvoice", "pk": 11, "fields": {"customer": "b283dc6a-ba79-46e0-aade-f4aa9a7eb4a5", "invoice": 11}}, {"model": "sales.customerinvoice", "pk": 12, "fields": {"customer": "b283dc6a-ba79-46e0-aade-f4aa9a7eb4a5", "invoice": 12}}, {"model": "sales.customerinvoice", "pk": 13, "fields": {"customer": "b283dc6a-ba79-46e0-aade-f4aa9a7eb4a5", "invoice": 13}}, {"model": "sales.customerinvoice", "pk": 14, "fields": {"customer": "b283dc6a-ba79-46e0-aade-f4aa9a7eb4a5", "invoice": 14}}, {"model": "sales.customerinvoice", "pk": 15, "fields": {"customer": "b283dc6a-ba79-46e0-aade-f4aa9a7eb4a5", "invoice": 15}}, {"model": "sales.customerinvoice", "pk": 16, "fields": {"customer": "b283dc6a-ba79-46e0-aade-f4aa9a7eb4a5", "invoice": 16}}, {"model": "sales.customerinvoice", "pk": 17, "fields": {"customer": "b283dc6a-ba79-46e0-aade-f4aa9a7eb4a5", "invoice": 17}}, {"model": "sales.customerinvoice", "pk": 18, "fields": {"customer": "b283dc6a-ba79-46e0-aade-f4aa9a7eb4a5", "invoice": 18}}, {"model": "sales.customerinvoice", "pk": 19, "fields": {"customer": "b283dc6a-ba79-46e0-aade-f4aa9a7eb4a5", "invoice": 19}}, {"model": "sales.customerinvoice", "pk": 20, "fields": {"customer": "b283dc6a-ba79-46e0-aade-f4aa9a7eb4a5", "invoice": 20}}, {"model": "sales.customerinvoice", "pk": 21, "fields": {"customer": "b283dc6a-ba79-46e0-aade-f4aa9a7eb4a5", "invoice": 21}}, {"model": "sales.customerinvoice", "pk": 22, "fields": {"customer": "b283dc6a-ba79-46e0-aade-f4aa9a7eb4a5", "invoice": 22}}, {"model": "sales.customerinvoice", "pk": 23, "fields": {"customer": "b283dc6a-ba79-46e0-aade-f4aa9a7eb4a5", "invoice": 23}}, {"model": "sales.customerinvoice", "pk": 24, "fields": {"customer": "b283dc6a-ba79-46e0-aade-f4aa9a7eb4a5", "invoice": 24}}, {"model": "sales.customerinvoice", "pk": 25, "fields": {"customer": "b283dc6a-ba79-46e0-aade-f4aa9a7eb4a5", "invoice": 25}}, {"model": "sales.customerinvoice", "pk": 26, "fields": {"customer": "b283dc6a-ba79-46e0-aade-f4aa9a7eb4a5", "invoice": 26}}, {"model": "sales.customerinvoice", "pk": 27, "fields": {"customer": "b283dc6a-ba79-46e0-aade-f4aa9a7eb4a5", "invoice": 27}}, {"model": "sales.customerinvoice", "pk": 28, "fields": {"customer": "b283dc6a-ba79-46e0-aade-f4aa9a7eb4a5", "invoice": 28}}, {"model": "sales.customerinvoice", "pk": 29, "fields": {"customer": "b283dc6a-ba79-46e0-aade-f4aa9a7eb4a5", "invoice": 29}}, {"model": "sales.customerinvoice", "pk": 30, "fields": {"customer": "b283dc6a-ba79-46e0-aade-f4aa9a7eb4a5", "invoice": 30}}, {"model": "sales.customerinvoice", "pk": 31, "fields": {"customer": "b283dc6a-ba79-46e0-aade-f4aa9a7eb4a5", "invoice": 31}}, {"model": "sales.customerinvoice", "pk": 32, "fields": {"customer": "d926602f-71d7-47cf-8a46-73e9539a5dfd", "invoice": 32}}, {"model": "sales.customerinvoice", "pk": 33, "fields": {"customer": "d926602f-71d7-47cf-8a46-73e9539a5dfd", "invoice": 33}}, {"model": "sales.customerinvoice", "pk": 34, "fields": {"customer": "d926602f-71d7-47cf-8a46-73e9539a5dfd", "invoice": 34}}, {"model": "sales.customerinvoice", "pk": 35, "fields": {"customer": "d926602f-71d7-47cf-8a46-73e9539a5dfd", "invoice": 35}}, {"model": "sales.customerinvoice", "pk": 36, "fields": {"customer": "d926602f-71d7-47cf-8a46-73e9539a5dfd", "invoice": 36}}, {"model": "sales.customerinvoice", "pk": 37, "fields": {"customer": "d926602f-71d7-47cf-8a46-73e9539a5dfd", "invoice": 37}}, {"model": "sales.customerinvoice", "pk": 38, "fields": {"customer": "d926602f-71d7-47cf-8a46-73e9539a5dfd", "invoice": 38}}, {"model": "sales.customerinvoice", "pk": 39, "fields": {"customer": "d926602f-71d7-47cf-8a46-73e9539a5dfd", "invoice": 39}}, {"model": "sales.customerinvoice", "pk": 40, "fields": {"customer": "d926602f-71d7-47cf-8a46-73e9539a5dfd", "invoice": 40}}, {"model": "sales.customerinvoice", "pk": 41, "fields": {"customer": "d926602f-71d7-47cf-8a46-73e9539a5dfd", "invoice": 41}}, {"model": "sales.customerinvoice", "pk": 42, "fields": {"customer": "d926602f-71d7-47cf-8a46-73e9539a5dfd", "invoice": 42}}, {"model": "sales.customerinvoice", "pk": 43, "fields": {"customer": "d926602f-71d7-47cf-8a46-73e9539a5dfd", "invoice": 43}}, {"model": "sales.customerinvoice", "pk": 44, "fields": {"customer": "b283dc6a-ba79-46e0-aade-f4aa9a7eb4a5", "invoice": 44}}, {"model": "sales.customerinvoice", "pk": 45, "fields": {"customer": "b283dc6a-ba79-46e0-aade-f4aa9a7eb4a5", "invoice": 45}}, {"model": "sales.customerinvoice", "pk": 46, "fields": {"customer": "b283dc6a-ba79-46e0-aade-f4aa9a7eb4a5", "invoice": 46}}, {"model": "sales.customerinvoice", "pk": 47, "fields": {"customer": "b283dc6a-ba79-46e0-aade-f4aa9a7eb4a5", "invoice": 47}}, {"model": "sales.customerinvoice", "pk": 48, "fields": {"customer": "b283dc6a-ba79-46e0-aade-f4aa9a7eb4a5", "invoice": 48}}, {"model": "sales.customerinvoice", "pk": 49, "fields": {"customer": "b283dc6a-ba79-46e0-aade-f4aa9a7eb4a5", "invoice": 49}}, {"model": "sales.customerinvoice", "pk": 50, "fields": {"customer": "b283dc6a-ba79-46e0-aade-f4aa9a7eb4a5", "invoice": 50}}, {"model": "sales.customerinvoice", "pk": 51, "fields": {"customer": "b283dc6a-ba79-46e0-aade-f4aa9a7eb4a5", "invoice": 51}}, {"model": "sales.customerinvoice", "pk": 52, "fields": {"customer": "b283dc6a-ba79-46e0-aade-f4aa9a7eb4a5", "invoice": 52}}, {"model": "sales.customerinvoice", "pk": 53, "fields": {"customer": "b283dc6a-ba79-46e0-aade-f4aa9a7eb4a5", "invoice": 53}}, {"model": "sales.customerinvoice", "pk": 54, "fields": {"customer": "b283dc6a-ba79-46e0-aade-f4aa9a7eb4a5", "invoice": 54}}, {"model": "sales.customerinvoice", "pk": 55, "fields": {"customer": "b283dc6a-ba79-46e0-aade-f4aa9a7eb4a5", "invoice": 55}}, {"model": "sales.customerinvoice", "pk": 56, "fields": {"customer": "b283dc6a-ba79-46e0-aade-f4aa9a7eb4a5", "invoice": 56}}, {"model": "sales.customerinvoice", "pk": 57, "fields": {"customer": "b283dc6a-ba79-46e0-aade-f4aa9a7eb4a5", "invoice": 57}}, {"model": "sales.customerinvoice", "pk": 58, "fields": {"customer": "b283dc6a-ba79-46e0-aade-f4aa9a7eb4a5", "invoice": 58}}, {"model": "sales.customerinvoice", "pk": 59, "fields": {"customer": "b283dc6a-ba79-46e0-aade-f4aa9a7eb4a5", "invoice": 59}}, {"model": "sales.customerinvoice", "pk": 60, "fields": {"customer": "dbde1657-5df5-4367-94f6-e63517aa9e9a", "invoice": 60}}, {"model": "sales.customerinvoice", "pk": 61, "fields": {"customer": "b283dc6a-ba79-46e0-aade-f4aa9a7eb4a5", "invoice": 61}}, {"model": "sales.customerinvoice", "pk": 62, "fields": {"customer": "b283dc6a-ba79-46e0-aade-f4aa9a7eb4a5", "invoice": 62}}, {"model": "sales.customerinvoice", "pk": 63, "fields": {"customer": "b283dc6a-ba79-46e0-aade-f4aa9a7eb4a5", "invoice": 63}}, {"model": "sales.customerinvoice", "pk": 64, "fields": {"customer": "dbde1657-5df5-4367-94f6-e63517aa9e9a", "invoice": 64}}, {"model": "sales.customerinvoice", "pk": 65, "fields": {"customer": "b283dc6a-ba79-46e0-aade-f4aa9a7eb4a5", "invoice": 65}}, {"model": "sales.customerinvoice", "pk": 66, "fields": {"customer": "b283dc6a-ba79-46e0-aade-f4aa9a7eb4a5", "invoice": 66}}, {"model": "sales.customerinvoice", "pk": 67, "fields": {"customer": "b283dc6a-ba79-46e0-aade-f4aa9a7eb4a5", "invoice": 67}}, {"model": "sales.customerinvoice", "pk": 68, "fields": {"customer": "b283dc6a-ba79-46e0-aade-f4aa9a7eb4a5", "invoice": 68}}, {"model": "sales.customerinvoice", "pk": 69, "fields": {"customer": "b283dc6a-ba79-46e0-aade-f4aa9a7eb4a5", "invoice": 69}}, {"model": "sales.customerinvoice", "pk": 70, "fields": {"customer": "7525f393-6b6c-4b3b-bee7-85081d2147d1", "invoice": 70}}, {"model": "sales.customerinvoice", "pk": 71, "fields": {"customer": "7525f393-6b6c-4b3b-bee7-85081d2147d1", "invoice": 71}}, {"model": "sales.customerinvoice", "pk": 72, "fields": {"customer": "7525f393-6b6c-4b3b-bee7-85081d2147d1", "invoice": 72}}, {"model": "sales.customerinvoice", "pk": 73, "fields": {"customer": "7525f393-6b6c-4b3b-bee7-85081d2147d1", "invoice": 73}}, {"model": "sales.saleorderinvoice", "pk": 3, "fields": {"saleOrder": 13, "invoice": 3}}, {"model": "sales.saleorderinvoice", "pk": 4, "fields": {"saleOrder": 13, "invoice": 4}}, {"model": "sales.saleorderinvoice", "pk": 5, "fields": {"saleOrder": 13, "invoice": 5}}, {"model": "sales.saleorderinvoice", "pk": 6, "fields": {"saleOrder": 13, "invoice": 6}}, {"model": "sales.saleorderinvoice", "pk": 7, "fields": {"saleOrder": 13, "invoice": 7}}, {"model": "sales.saleorderinvoice", "pk": 8, "fields": {"saleOrder": 14, "invoice": 8}}, {"model": "sales.saleorderinvoice", "pk": 9, "fields": {"saleOrder": 14, "invoice": 9}}, {"model": "sales.saleorderinvoice", "pk": 11, "fields": {"saleOrder": 14, "invoice": 11}}, {"model": "sales.saleorderinvoice", "pk": 12, "fields": {"saleOrder": 15, "invoice": 12}}, {"model": "sales.saleorderinvoice", "pk": 13, "fields": {"saleOrder": 14, "invoice": 13}}, {"model": "sales.saleorderinvoice", "pk": 14, "fields": {"saleOrder": 14, "invoice": 14}}, {"model": "sales.saleorderinvoice", "pk": 15, "fields": {"saleOrder": 14, "invoice": 15}}, {"model": "sales.saleorderinvoice", "pk": 16, "fields": {"saleOrder": 14, "invoice": 16}}, {"model": "sales.saleorderinvoice", "pk": 17, "fields": {"saleOrder": 14, "invoice": 17}}, {"model": "sales.saleorderinvoice", "pk": 18, "fields": {"saleOrder": 14, "invoice": 18}}, {"model": "sales.saleorderinvoice", "pk": 19, "fields": {"saleOrder": 14, "invoice": 19}}, {"model": "sales.saleorderinvoice", "pk": 20, "fields": {"saleOrder": 14, "invoice": 20}}, {"model": "sales.saleorderinvoice", "pk": 21, "fields": {"saleOrder": 14, "invoice": 21}}, {"model": "sales.saleorderinvoice", "pk": 22, "fields": {"saleOrder": 14, "invoice": 22}}, {"model": "sales.saleorderinvoice", "pk": 23, "fields": {"saleOrder": 14, "invoice": 23}}, {"model": "sales.saleorderinvoice", "pk": 24, "fields": {"saleOrder": 14, "invoice": 24}}, {"model": "sales.saleorderinvoice", "pk": 25, "fields": {"saleOrder": 16, "invoice": 25}}, {"model": "sales.saleorderinvoice", "pk": 26, "fields": {"saleOrder": 32, "invoice": 26}}, {"model": "sales.saleorderinvoice", "pk": 27, "fields": {"saleOrder": 32, "invoice": 27}}, {"model": "sales.saleorderinvoice", "pk": 28, "fields": {"saleOrder": 32, "invoice": 28}}, {"model": "sales.saleorderinvoice", "pk": 29, "fields": {"saleOrder": 32, "invoice": 29}}, {"model": "sales.saleorderinvoice", "pk": 30, "fields": {"saleOrder": 32, "invoice": 30}}, {"model": "sales.saleorderinvoice", "pk": 31, "fields": {"saleOrder": 33, "invoice": 31}}, {"model": "sales.saleorderinvoice", "pk": 32, "fields": {"saleOrder": 31, "invoice": 32}}, {"model": "sales.saleorderinvoice", "pk": 33, "fields": {"saleOrder": 31, "invoice": 33}}, {"model": "sales.saleorderinvoice", "pk": 34, "fields": {"saleOrder": 31, "invoice": 34}}, {"model": "sales.saleorderinvoice", "pk": 35, "fields": {"saleOrder": 31, "invoice": 35}}, {"model": "sales.saleorderinvoice", "pk": 36, "fields": {"saleOrder": 31, "invoice": 36}}, {"model": "sales.saleorderinvoice", "pk": 37, "fields": {"saleOrder": 31, "invoice": 37}}, {"model": "sales.saleorderinvoice", "pk": 38, "fields": {"saleOrder": 31, "invoice": 38}}, {"model": "sales.saleorderinvoice", "pk": 39, "fields": {"saleOrder": 31, "invoice": 39}}, {"model": "sales.saleorderinvoice", "pk": 40, "fields": {"saleOrder": 31, "invoice": 40}}, {"model": "sales.saleorderinvoice", "pk": 41, "fields": {"saleOrder": 31, "invoice": 41}}, {"model": "sales.saleorderinvoice", "pk": 42, "fields": {"saleOrder": 31, "invoice": 42}}, {"model": "sales.saleorderinvoice", "pk": 43, "fields": {"saleOrder": 31, "invoice": 43}}, {"model": "sales.saleorderinvoice", "pk": 44, "fields": {"saleOrder": 15, "invoice": 44}}, {"model": "sales.saleorderinvoice", "pk": 45, "fields": {"saleOrder": 15, "invoice": 45}}, {"model": "sales.saleorderinvoice", "pk": 46, "fields": {"saleOrder": 34, "invoice": 46}}, {"model": "sales.saleorderinvoice", "pk": 47, "fields": {"saleOrder": 34, "invoice": 47}}, {"model": "sales.saleorderinvoice", "pk": 48, "fields": {"saleOrder": 34, "invoice": 48}}, {"model": "sales.saleorderinvoice", "pk": 49, "fields": {"saleOrder": 34, "invoice": 49}}, {"model": "sales.saleorderinvoice", "pk": 50, "fields": {"saleOrder": 34, "invoice": 50}}, {"model": "sales.saleorderinvoice", "pk": 51, "fields": {"saleOrder": 34, "invoice": 51}}, {"model": "sales.saleorderinvoice", "pk": 52, "fields": {"saleOrder": 34, "invoice": 52}}, {"model": "sales.saleorderinvoice", "pk": 53, "fields": {"saleOrder": 34, "invoice": 53}}, {"model": "sales.saleorderinvoice", "pk": 54, "fields": {"saleOrder": 34, "invoice": 54}}, {"model": "sales.saleorderinvoice", "pk": 55, "fields": {"saleOrder": 34, "invoice": 55}}, {"model": "sales.saleorderinvoice", "pk": 56, "fields": {"saleOrder": 34, "invoice": 56}}, {"model": "sales.saleorderinvoice", "pk": 57, "fields": {"saleOrder": 34, "invoice": 57}}, {"model": "sales.saleorderinvoice", "pk": 58, "fields": {"saleOrder": 34, "invoice": 58}}, {"model": "sales.saleorderinvoice", "pk": 59, "fields": {"saleOrder": 34, "invoice": 59}}, {"model": "sales.saleorderinvoice", "pk": 60, "fields": {"saleOrder": 35, "invoice": 60}}, {"model": "sales.saleorderinvoice", "pk": 61, "fields": {"saleOrder": 34, "invoice": 61}}, {"model": "sales.saleorderinvoice", "pk": 62, "fields": {"saleOrder": 34, "invoice": 62}}, {"model": "sales.saleorderinvoice", "pk": 63, "fields": {"saleOrder": 36, "invoice": 63}}, {"model": "sales.saleorderinvoice", "pk": 64, "fields": {"saleOrder": 35, "invoice": 64}}, {"model": "sales.saleorderinvoice", "pk": 65, "fields": {"saleOrder": 36, "invoice": 65}}, {"model": "sales.saleorderinvoice", "pk": 66, "fields": {"saleOrder": 15, "invoice": 66}}, {"model": "sales.saleorderinvoice", "pk": 67, "fields": {"saleOrder": 36, "invoice": 67}}, {"model": "sales.saleorderinvoice", "pk": 68, "fields": {"saleOrder": 36, "invoice": 68}}, {"model": "sales.saleorderinvoice", "pk": 69, "fields": {"saleOrder": 36, "invoice": 69}}, {"model": "sales.saleorderinvoice", "pk": 70, "fields": {"saleOrder": 37, "invoice": 70}}, {"model": "sales.saleorderinvoice", "pk": 71, "fields": {"saleOrder": 37, "invoice": 71}}, {"model": "sales.saleorderinvoice", "pk": 72, "fields": {"saleOrder": 37, "invoice": 72}}, {"model": "sales.saleorderinvoice", "pk": 73, "fields": {"saleOrder": 37, "invoice": 73}}, {"model": "sales.payment", "pk": "12f84f69-23cd-4d3a-9a10-3b329e084fe4", "fields": {"mode": "NEFT", "refUtrChequeNo": "R/HDFCR52021081058123380", "bank": "HDFC", "paymentDate": "2021-08-10", "amount": 435000.0, "remark": "", "createdOn": "2021-08-09T11:54:09.914Z", "updatedOn": "2021-08-10T17:20:48.034Z"}}, {"model": "sales.payment", "pk": "234da0e4-69a8-4f87-94cc-60f736ed5e6f", "fields": {"mode": "NEFT", "refUtrChequeNo": "N/CBINH21215046091", "bank": "Central Bank Of India", "paymentDate": "2021-08-03", "amount": 175000.0, "remark": "", "createdOn": "2021-08-10T17:31:20.137Z", "updatedOn": "2021-08-10T17:34:05.273Z"}}, {"model": "sales.payment", "pk": "6277ae29-3fa9-4f43-aab0-86d862711ca0", "fields": {"mode": "Credit Note", "refUtrChequeNo": "Adjustment", "bank": "", "paymentDate": "2021-07-01", "amount": 239781.53, "remark": "Clearing old outstandings of this customer.", "createdOn": "2021-08-10T17:25:15.311Z", "updatedOn": "2021-08-10T17:25:29.758Z"}}, {"model": "sales.payment", "pk": "ac1f9373-47fb-4958-841f-73b4b5a2d24b", "fields": {"mode": "UPI", "refUtrChequeNo": "N/N215210692766475", "bank": "Yes Bank Ltd", "paymentDate": "2021-08-03", "amount": 75000.0, "remark": "30 Cum Concrete Payment", "createdOn": "2021-08-05T14:44:11.088Z", "updatedOn": "2021-08-05T14:44:11.090Z"}}, {"model": "sales.payment", "pk": "ae068987-d18a-47af-a310-8dadd41270cf", "fields": {"mode": "UPI", "refUtrChequeNo": "adslkjfalksjd", "bank": "adsfa", "paymentDate": "2021-08-04", "amount": 15000.0, "remark": "test", "createdOn": "2021-08-08T20:43:29.876Z", "updatedOn": "2021-08-08T20:43:29.878Z"}}, {"model": "sales.payment", "pk": "b27d9e8a-69d5-4364-8e4d-9ee01a661e26", "fields": {"mode": "NEFT", "refUtrChequeNo": "N/N215210692766475", "bank": "Yes Bank", "paymentDate": "2021-08-03", "amount": 75000.0, "remark": "", "createdOn": "2021-08-10T17:27:58.293Z", "updatedOn": "2021-08-10T17:27:58.295Z"}}, {"model": "sales.payment", "pk": "d2dc8d90-5a7a-4f2e-b20e-51bfa065d609", "fields": {"mode": "NEFT", "refUtrChequeNo": "N/N224211599662761", "bank": "HDFC", "paymentDate": "2021-08-12", "amount": 50000.0, "remark": "", "createdOn": "2021-08-12T14:58:11.444Z", "updatedOn": "2021-08-12T14:58:11.446Z"}}, {"model": "sales.payment", "pk": "e453cb4f-a320-4f3d-9d71-2c078c8feac4", "fields": {"mode": "NEFT", "refUtrChequeNo": "N/N224211599771103", "bank": "HDFC", "paymentDate": "2021-08-12", "amount": 175000.0, "remark": "", "createdOn": "2021-08-12T14:58:41.530Z", "updatedOn": "2021-08-12T14:58:41.531Z"}}, {"model": "sales.payment", "pk": "e999a53f-5965-45cf-be7d-98acae982b9b", "fields": {"mode": "NEFT", "refUtrChequeNo": "N/CBINH21223665573", "bank": "Central Bank Of India", "paymentDate": "2021-08-11", "amount": 60590.0, "remark": "", "createdOn": "2021-08-12T15:07:21.635Z", "updatedOn": "2021-08-12T15:07:21.638Z"}}, {"model": "sales.payment", "pk": "ef3bc0d4-becd-4d09-b836-8cf047a27367", "fields": {"mode": "Credit Note", "refUtrChequeNo": "CN/2021/08/01", "bank": "", "paymentDate": "2021-08-03", "amount": 21450.0, "remark": "", "createdOn": "2021-08-10T17:32:48.122Z", "updatedOn": "2021-08-10T17:33:56.798Z"}}, {"model": "sales.payment", "pk": "f9be9cfc-443c-4210-b625-f97a8698c101", "fields": {"mode": "NEFT", "refUtrChequeNo": "N/N223211599089852", "bank": "HDFC", "paymentDate": "2021-08-11", "amount": 175000.0, "remark": "", "createdOn": "2021-08-12T15:05:00.716Z", "updatedOn": "2021-08-12T15:05:00.718Z"}}, {"model": "sales.customerpayment", "pk": 3, "fields": {"customer": "b283dc6a-ba79-46e0-aade-f4aa9a7eb4a5", "payment": "12f84f69-23cd-4d3a-9a10-3b329e084fe4"}}, {"model": "sales.customerpayment", "pk": 4, "fields": {"customer": "b283dc6a-ba79-46e0-aade-f4aa9a7eb4a5", "payment": "6277ae29-3fa9-4f43-aab0-86d862711ca0"}}, {"model": "sales.customerpayment", "pk": 5, "fields": {"customer": "9319fbf2-6ef0-49fc-ac0f-d8a18ae765cf", "payment": "b27d9e8a-69d5-4364-8e4d-9ee01a661e26"}}, {"model": "sales.customerpayment", "pk": 6, "fields": {"customer": "d926602f-71d7-47cf-8a46-73e9539a5dfd", "payment": "234da0e4-69a8-4f87-94cc-60f736ed5e6f"}}, {"model": "sales.customerpayment", "pk": 7, "fields": {"customer": "d926602f-71d7-47cf-8a46-73e9539a5dfd", "payment": "ef3bc0d4-becd-4d09-b836-8cf047a27367"}}, {"model": "sales.customerpayment", "pk": 8, "fields": {"customer": "7525f393-6b6c-4b3b-bee7-85081d2147d1", "payment": "d2dc8d90-5a7a-4f2e-b20e-51bfa065d609"}}, {"model": "sales.customerpayment", "pk": 9, "fields": {"customer": "7525f393-6b6c-4b3b-bee7-85081d2147d1", "payment": "e453cb4f-a320-4f3d-9d71-2c078c8feac4"}}, {"model": "sales.customerpayment", "pk": 10, "fields": {"customer": "b283dc6a-ba79-46e0-aade-f4aa9a7eb4a5", "payment": "f9be9cfc-443c-4210-b625-f97a8698c101"}}, {"model": "sales.customerpayment", "pk": 11, "fields": {"customer": "d926602f-71d7-47cf-8a46-73e9539a5dfd", "payment": "e999a53f-5965-45cf-be7d-98acae982b9b"}}, {"model": "sales.outstanding", "pk": 6, "fields": {"customer": "b283dc6a-ba79-46e0-aade-f4aa9a7eb4a5", "dueAmount": 3148.38, "totalBusinessAmount": 849781.53, "createdOn": "2021-08-03T15:49:42.523Z", "updatedOn": "2021-08-03T15:49:42.523Z"}}, {"model": "sales.outstanding", "pk": 7, "fields": {"customer": "9319fbf2-6ef0-49fc-ac0f-d8a18ae765cf", "dueAmount": -0.179999999993015, "totalBusinessAmount": 75000.0, "createdOn": "2021-08-03T15:49:42.648Z", "updatedOn": "2021-08-03T15:49:42.648Z"}}, {"model": "sales.outstanding", "pk": 11, "fields": {"customer": "d926602f-71d7-47cf-8a46-73e9539a5dfd", "dueAmount": 360.119999999995, "totalBusinessAmount": 257040.0, "createdOn": "2021-08-05T14:22:34.720Z", "updatedOn": "2021-08-05T14:22:34.720Z"}}, {"model": "sales.outstanding", "pk": 12, "fields": {"customer": "dbde1657-5df5-4367-94f6-e63517aa9e9a", "dueAmount": 46800.04, "totalBusinessAmount": 0.0, "createdOn": "2021-08-10T17:18:52.376Z", "updatedOn": "2021-08-10T17:18:52.376Z"}}, {"model": "sales.outstanding", "pk": 13, "fields": {"customer": "7525f393-6b6c-4b3b-bee7-85081d2147d1", "dueAmount": -131919.96, "totalBusinessAmount": 225000.0, "createdOn": "2021-08-12T14:54:24.866Z", "updatedOn": "2021-08-12T14:54:24.866Z"}}, {"model": "production.product", "pk": 1, "fields": {"code": "PROD030001", "name": "M20-Dump", "description": "M20-Dump", "hsnCode": "38245010", "uom": "M3", "rate": "1", "createdOn": "2021-03-06T14:31:13.082Z"}}, {"model": "production.product", "pk": 2, "fields": {"code": "PROD070002", "name": "M30-Dump", "description": "M30-Dump", "hsnCode": "38245010", "uom": "M3", "rate": "2835.00", "createdOn": "2021-07-25T10:16:33.500Z"}}, {"model": "production.product", "pk": 3, "fields": {"code": "PROD070003", "name": "M30 (Free Cement)-Pump", "description": "M30 (Free Cement)-Pump", "hsnCode": "38245010", "uom": "M3", "rate": "24052", "createdOn": "2021-07-25T16:45:19.571Z"}}, {"model": "production.product", "pk": 4, "fields": {"code": "PROD080004", "name": "M30-PUMP", "description": "M30 PUMP", "hsnCode": "38245010", "uom": "M3", "rate": "1", "createdOn": "2021-08-04T05:30:13.871Z"}}, {"model": "production.product", "pk": 5, "fields": {"code": "PROD080005", "name": "M35-PUMP", "description": "M35 PUMP", "hsnCode": "38245010", "uom": "M3", "rate": "1", "createdOn": "2021-08-04T06:44:58.645Z"}}, {"model": "production.product", "pk": 7, "fields": {"code": "PROD080007", "name": "M20-Pump", "description": "M20-Pump", "hsnCode": "38245010", "uom": "M3", "rate": "1", "createdOn": "2021-08-10T18:26:05.247Z"}}, {"model": "production.product", "pk": 8, "fields": {"code": "PROD080008", "name": "M25-Pump", "description": "M25-Pump", "hsnCode": "38245010", "uom": "M3", "rate": "1", "createdOn": "2021-08-10T18:26:33.610Z"}}, {"model": "production.product", "pk": 9, "fields": {"code": "PROD080009", "name": "M25-Dump", "description": "M25-Dump", "hsnCode": "38245010", "uom": "M3", "rate": "1", "createdOn": "2021-08-10T18:26:49.619Z"}}]